the_geom,cartodb_id,dom_acima_de_20_sm,dom_10_a_20_sm,dom_5_a_10_sm,dom_2_a_5_sm,dom_1_a_2_sm,dom_ate_1_5_sm,dom_sem_renda_declarada,acima_de_20_5_sm_por_pessoa,pessoas_10_a_20_sm,pessoas_5_a_10_sm,pessoas_2_a_5_sm,pessoas_1_a_2_sm,pessoas_ate_1_5_sm,pessoas_sem_renda_declarada,bairro,id_bairro,zona,sdu,renda_media
0106000020E6100000010000000103000000010000000900000009C38025575D45C00A2E56D4602A14C0C1525DC0CB5C45C02F36AD14022914C0AAB69BE09B5C45C0C493DDCCE82714C00114234BE65C45C09813B4C9E12314C08B8BA372135D45C0ECC1A4F8F82414C0D7851F9C4F5D45C0249D8191972514C0488B3386395D45C038A0A52BD82614C044352559875D45C0E7012CF2EB2714C009C38025575D45C00A2E56D4602A14C0,7,,,,,,,,,,,,,,,Árvores Verdes,301,Leste,Leste,
0106000020E6100000010000000103000000010000000500000050FEEE1D356245C0029B73F04CD814C01BF67B629D6045C0739EB12FD9D814C002BC0512146145C0EA3E00A94DCC14C01C412AC58E6245C0A6457D923BCC14C050FEEE1D356245C0029B73F04CD814C0,6,,,,,,,,,,,,,,,Angélica,201,Sul,Sul,
0106000020E6100000010000000103000000010000000F000000D427B9C3266445C0707841446A9A14C023C0E95DBC6345C0289EB30584A614C06FB72407EC6245C0603FC4060BA714C0FC6EBA65876245C04F5AB8ACC2A614C0541EDD088B6245C0CE8E54DFF9A514C03621AD31E86045C0BD1DE1B4E0A514C002486DE2E46045C0005471E316A314C07A8EC877296145C0685A626534A214C02DCC423BA76145C00B7A6F0C01A014C039252026E16245C0D6C743DFDD9A14C0A036AAD3816245C086032159C09414C0CF86FC33836245C0C66F0A2B159414C08BA9F413CE6245C06C787AA52C9314C0D6E3BED53A6345C08BFF3BA2429514C0D427B9C3266445C0707841446A9A14C0,65,7,50,369,1717,2008,1704,233,4,14,153,1029,2588,6487,7530,Santo Antônio,230,Sul,Sul,835
0106000020E6100000010000000103000000010000000A000000C1E3DBBB066945C0BC1FB75F3E2914C0E3DD91B1DA6845C035B6D782DE2B14C05A9C31CC096845C0DA1D520C902814C0D32D3BC43F6845C0E0641BB8032514C068B114C9576845C0E1B6B6F0BC2414C0FA7B293C686845C0B5334C6DA92314C0809E060C926845C00394861A852414C0492F6AF7AB6845C0E7C75F5AD42714C056629E95B46845C0853FC39B352814C0C1E3DBBB066945C0BC1FB75F3E2914C0,2,5,31,118,370,236,161,24,2,11,52,234,498,1198,1143,Bom Jesus,107,Norte,Centro_Norte,1238
0106000020E61000000100000001030000000100000005000000B7442E38836145C0874ECFBBB1C014C093399677D55F45C04B06802A6EBC14C0FA60191BBA5F45C0AA4885B185B014C0E59997C3EE6145C03F53AF5B04B614C0B7442E38836145C0874ECFBBB1C014C0,72,7,19,55,247,224,154,15,5,10,29,155,362,795,930,Brasilar,205,Sul,Sul,1020
0106000020E61000000100000001030000000100000005000000C0232A54376145C04B5645B8C9C814C0785E2A36E65F45C0C1C41F459DC914C0DAE55B1FD65F45C0BCE7C07284BC14C077BD3445806145C098689082A7C014C0C0232A54376145C04B5645B8C9C814C0,3,13,67,414,1703,1592,1303,138,5,28,202,1092,2496,5299,6069,Esplanada,210,Sul,Sul,1000
0106000020E6100000010000000103000000010000000B000000B0726891ED6645C0D4EFC2D66C4514C04E266E15C46645C0F98557923C4714C0AE9D2809896645C094162EABB04914C0CFBBB1A0306645C09EEE3CF19C4D14C06AF6402B306445C045BB0A293F4914C0541F48DE396445C014596B28B54714C0AE122C0E676445C0247EC51A2E4214C0793E03EACD6645C062F71DC3633F14C025EA059FE66645C034BDC458A63F14C0D3F6AFAC346745C015FE0C6FD64014C0B0726891ED6645C0D4EFC2D66C4514C0,9,690,568,462,321,118,48,45,434,753,1069,1080,789,1156,2227,Fátima,304,Leste,Leste,6000
0106000020E61000000100000001030000000100000005000000A8C7B60C386945C03813D385582D14C0AD174339D16845C032384A5E9D3314C0CFF6E80DF76745C0EF3CF19C2D3014C02DB308C5566845C02D23F59ECA2914C0A8C7B60C386945C03813D385582D14C0,25,23,86,227,515,357,243,16,11,39,142,442,817,1647,1839,Memorare,122,Norte,Centro_Norte,1300
0106000020E61000000100000001030000000100000007000000D3BD4EEACB6645C0AF5DDA70587A14C016342DB1326645C0F2CD3637A67714C0793F6EBF7C6645C03CF6B3588A7414C09487855AD36645C0DB19A6B6D47114C021037976F96645C0338D2617637014C02F185C73476745C03C16DBA4A27114C0D3BD4EEACB6645C0AF5DDA70587A14C0,49,26,63,122,222,141,88,25,12,36,119,258,314,602,773,Pio XII,223,Sul,Sul,1530
0106000020E6100000010000000103000000010000000A00000069E55E60566445C0253D0CAD4E3E14C024EEB1F4A16345C02E1D739EB13F14C0C30FCEA78E6345C0EF37DA71C33F14C03B35971B0C6345C0E73A8DB4543E14C05C3D27BD6F6245C001309E41433F14C06BEF5355686245C00FF27A30293E14C093FDF334606245C09964E42CEC3914C033DDEBA4BE6245C0786000E1433914C0D09849D40B6445C0B37C5D86FF3414C069E55E60566445C0253D0CAD4E3E14C0,92,194,165,168,380,280,174,24,89,233,323,381,633,1425,1741,Planalto,314,Leste,Leste,1650
0106000020E61000000100000001030000000100000008000000D90759164C6245C03909A52F842C14C0703E75AC526245C0425F7AFB733114C0809A5AB6D65F45C0F486FBC8AD3914C02579AEEFC35F45C05A83F755B93014C061360186E55F45C0E38DCC237F3014C08CD99255116045C0888384285F3014C0CE531D72336045C0B519A721AA3014C0D90759164C6245C03909A52F842C14C0,85,19,35,184,1054,910,680,77,11,22,92,384,1309,4085,3929,Satélite,322,Leste,Leste,1020
0106000020E61000000100000001030000000100000007000000236937FA986345C0266DAAEE916D14C062D7F6764B6245C00C5BB395976C14C073A25D85946145C04AD3A0681E6014C0EA5DBC1FB76345C025CB49287D6114C04031B2648E6345C00CAEB9A3FF6514C0F52F49658A6345C058CB9D99606814C0236937FA986345C0266DAAEE916D14C0,109,2,4,5,46,84,57,3,2,3,5,12,57,303,253,São Raimundo,415,Sudeste,Sudeste,712
0106000020E6100000010000000103000000010000000900000004AC55BB266845C027BC04A73E8014C0EBFEB1101D6845C0B6BFB33D7A8314C01A1538D9066845C035B742588D8514C0A968ACFD9D6745C036AD1402B98414C0D5928E72306745C03ECA880B408314C01002F225546645C0E388B5F8148014C0CCB22781CD6545C0D6389B8E007E14C09BAE27BA2E6645C0033FAA61BF7714C004AC55BB266845C027BC04A73E8014C0,1,16,90,224,312,171,128,60,6,35,203,436,460,663,1123,Tabuleta,233,Sul,Sul,1550
0106000020E6100000010000000103000000010000000B000000151E34BBEE6545C08CF337A1105114C003D19332A96545C098309A95ED5314C0E3E13D07966545C08D9944BDE05314C0DEAAEB504D6545C07EAA0A0DC45214C036C98FF8156545C01EFB592C455214C007EE409DF26445C0DA8D3EE6035214C0AD4ECE50DC6345C0297AE063B05214C0E99C9FE2386445C003965CC5E24714C060B01BB62D6445C0C87C40A0334914C0E57B4622346645C0D7169E978A4D14C0151E34BBEE6545C08CF337A1105114C0,8,825,458,226,125,39,36,55,587,791,811,640,362,650,1570,Jóquei,307,Leste,Leste,10000
0106000020E6100000010000000103000000010000000B00000083A5BA80976145C02D3F7095276014C093C9A99D616045C0E5F21FD26F5F14C02577D844666045C058C51B99475E14C0F1811DFF056045C09757AEB7CD5414C0B3B3E89D0A6045C003B16CE6905414C0A22AA6D24F6045C057EBC4E5785514C074D3669C866045C0EA3F6B7EFC5514C0184339D1AE6045C0933655F7C85614C0A3AD4A22FB6045C0D9B3E732355914C0789ACC785B6145C0DFA7AAD0405C14C083A5BA80976145C02D3F7095276014C0,5,,,,,,,,,,,,,,,Livramento,409,Sudeste,Sudeste,
0106000020E6100000010000000103000000010000000C000000CEAACFD5566845C01155F833BC2914C0B21188D7F56745C072FE2614223014C0717495EEAE6745C01C06F357C82C14C0C8242367616745C0C0EB33677D2A14C071935165186745C078B7B244672914C0655419C6DD6645C0C972124A5F2814C0A3957B81596745C097361C96061E14C0BF7D1D38676845C0FF9254A6982314C086CABF96576845C0D0622992AF2414C0BC0512143F6845C0A8C821E2E62414C0BAD8B452086845C0850A0E2F882814C0CEAACFD5566845C01155F833BC2914C0,26,8,48,226,758,504,319,37,4,19,105,477,1056,2282,2341,Buenos Aires,108,Norte,Centro_Norte,1200
0106000020E610000001000000010300000001000000190000001D1D5723BB6A45C009DFFB1BB42714C09F20B1DD3D6A45C00A2C8029032714C0751F80D4266A45C008944DB9C22B14C04AF086342A6A45C08AE6012CF22B14C0B01D8CD8276A45C0DA59F44E052C14C08C9FC6BDF96945C05D8AABCABE2B14C067614F3BFC6945C0D3F6AFAC342914C06DE4BA29E56945C08F54DFF9452914C0ABB2EF8AE06945C01E17D522A22814C09D685721E56945C0098849B8902714C0C72FBC92E46945C0A5F9635A9B2614C097AB1F9BE46945C011363CBD522614C0F67F0EF3E56945C018E945ED7E2514C098FC4FFEEE6945C005E10A28D42314C077F69507E96945C0605AD427B92314C0DD0C37E0F36945C0394206F2EC2214C07AFF1F274C6A45C0BB473657CD2314C04D8578245E6A45C0FE45D098492414C0F46DC1525D6A45C0923EADA23F2414C09B560A815C6A45C0923EADA23F2414C0F583BA48A16A45C064B2B8FFC82414C0C5FF1D51A16A45C0535E2BA1BB2414C09C6C0377A06A45C0D53C47E4BB2414C038328FFCC16A45C03B6F63B3232514C01D1D5723BB6A45C009DFFB1BB42714C0,13,1,10,72,373,268,176,30,,4,13,171,635,970,1464,Poti Velho,132,Norte,Centro_Norte,1020
0106000020E6100000010000000103000000010000000E000000CD785BE9B55F45C08D0C7217612A14C0CAE2FE23D35F45C07DAEB6627F3914C080492A53CC5F45C0776A2E37183A14C0ADBF2500FF5E45C0BB29E5B5123A14C0B2F1608BDD5E45C09DD497A59D3A14C0B2463D44A35D45C0422619390B3B14C089963C9E965D45C0C4E8B985AE3414C04CC2853C825D45C0EE5EEE93A33014C060E63BF8895D45C0AAD4EC81563014C03E7782FDD75D45C0C5E6E3DA503114C0B9FC87F4DB5D45C053793BC2693114C0A20C5531955E45C0E770ADF6B02714C052B5DD04DF5E45C098A3C7EF6D2A14C0CD785BE9B55F45C08D0C7217612A14C0,4,34,174,608,2090,1480,993,96,16,83,374,1531,2712,5439,6694,Vale Quem tem,327,Leste,Leste,1140
0106000020E6100000010000000103000000010000001B000000E2900DA48B6B45C083328D26173314C08D7DC9C6836B45C02C11A8FE413414C0D7169E978A6B45C04FE61F7D933614C0A18499B67F6B45C01211FE45D03814C0D6743DD1756B45C020ED7F80B53A14C047CB811E6A6B45C01D588E90813C14C06FBC3B32566B45C003603C83863E14C0145CACA8C16A45C0AD86C43D963E14C0B6BB07E8BE6A45C0797764AC363F14C05AB741EDB76A45C03997E2AAB23F14C030664B56456A45C07825C9737D3F14C0C66E9F55666A45C03677F4BF5C3B14C074999A046F6A45C04AB72572C13914C00EBDC5C37B6A45C05298F738D33414C0056A3178986A45C0FD2D01F8A73414C03D98141F9F6A45C07A89B14CBF3414C010EA2285B26A45C09A40118B183614C0134548DDCE6A45C0F6285C8FC23514C05F46B1DCD26A45C02FC03E3A753514C096236420CF6A45C003B16CE6903414C049861C5BCF6A45C0C139234A7B3314C0371B2B31CF6A45C0D388997D1E3314C0DF6B088ECB6A45C018EC866D8B3214C06EF8DD74CB6A45C0CF30B5A50E3214C0C15774EB356B45C0AC1E300F993214C044696FF0856B45C0942F6821013314C0E2900DA48B6B45C083328D26173314C0,16,3,6,18,58,338,2160,65,2,9,64,414,1198,3432,3808,São Joaquim,137,Norte,Centro_Norte,1020
0106000020E61000000100000001030000000100000008000000416667D13B6945C0AE0FEB8D5A5114C05D3123BC3D6845C09E40D829564D14C07407B133856845C07E8CB96B094914C0B8E9CF7EA46845C00C0742B2804914C0C7B8E2E2A86845C0897AC1A7394914C00611A969176945C0A379008BFC4A14C0DF196D55126945C0035B25581C4E14C0416667D13B6945C0AE0FEB8D5A5114C0,36,44,105,239,285,103,89,13,17,63,229,432,445,687,981,Vila Operária,138,Norte,Centro_Norte,
0106000020E610000001000000010300000001000000090000001615713AC96A45C07EC68503214914C0193DB7D0956A45C0E6948098844B14C0404D2D5BEB6945C05F984C158C4A14C0791F4773646945C04694F6065F4814C0AA61BF27D66945C0B1A371A8DF4514C09CA223B9FC6945C01CEA77616B4614C0314278B4716A45C0765089EB184714C0035FD1ADD76A45C0645DDC46034814C01615713AC96A45C07EC68503214914C0,31,63,190,267,185,62,35,4,23,90,332,592,392,411,890,Acarape,101,Norte,Centro_Norte,3510
0106000020E6100000010000000103000000010000000D000000416667D13B6945C04DBC033C695114C09D2ADF33126945C097361C96064E14C06D8C9DF0126A45C041D829560D5214C0C72FBC92E46945C07636E49F195414C096ECD808C46945C085B18520075514C09EEE3CF19C6945C09FB0C403CA5614C0C3B81B446B6945C002D53F88645814C0D8D64FFF596945C032056B9C4D5714C03526C45C526945C0BB0A293FA95614C0E7374C34486945C08FFB56EBC45514C09AB1683A3B6945C0F357C85C195414C00C1F1153226945C033F9669B1B5314C0416667D13B6945C04DBC033C695114C0,35,30,74,176,286,158,119,17,11,41,128,400,431,819,966,Matinha,121,Norte,Centro_Norte,1530
0106000020E6100000010000000103000000010000000F0000000A4966F50E6B45C05F251FBB0B4414C0F1F3DF83D76A45C01424B6BB074814C0A73E90BC736A45C0C0E95DBC1F4714C0F5B9DA8AFD6945C077BAF3C4734614C0A5A487A1D56945C0B743C362D44514C046787B10026A45C0302AA913D04414C0DD7A4D0F0A6A45C09DBD33DAAA4414C019E76F42216A45C09A7D1EA33C4314C0629D2ADF336A45C02A53CC41D04114C03657CD73446A45C0CE380D51853F14C0A85489B2B76A45C0AB3E575BB13F14C0EBFCDB65BF6A45C084D4EDEC2B3F14C085CFD6C1C16A45C0F702B342913E14C086E464E2566B45C03082C64CA23E14C00A4966F50E6B45C05F251FBB0B4414C0,18,5,31,124,542,375,350,39,2,9,65,340,644,1719,1938,Matadouro,120,Norte,Centro_Norte,1020
0106000020E6100000010000000103000000010000002D0000009C51F355F26B45C00F43AB93331414C0882D3D9AEA6B45C0DBF97E6ABC1414C01EC2F869DC6B45C09A232BBF0C1614C0A88B14CAC26B45C003ED0E29061814C091291F82AA6B45C00AA2EE03901A14C001FBE8D4956B45C07862D68BA11C14C01079CBD58F6B45C01B1021AE9C1D14C0C90050C58D6B45C03CA06CCA151E14C091D26C1E876B45C04C50C3B7B01E14C06552431B806B45C039EE940ED61F14C022AAF067786B45C08E06F016482014C092CCEA1D6E6B45C08061F9F36D2114C036AB3E575B6B45C06EFAB31F292214C07A19C5724B6B45C0F6ECB94C4D2214C0950B957F2D6B45C0CE52B29C842214C0CB129D65166B45C0C3F5285C8F2214C0CD237F30F06A45C0C8EC2C7AA72214C04963B48EAA6A45C04B57B08D782214C04F3E3DB6656A45C06EC0E787112214C0556AF6402B6A45C00EF450DB862114C02E39EE940E6A45C047FFCBB5682114C059C0046EDD6945C08D9C853DED2014C08E93C2BCC76945C08D7A8846772014C0577C43E1B36945C0828C800A472014C05B971AA19F6945C045D7851F9C1F14C0D6E253008C6945C0DBC01DA8531E14C08EE55DF5806945C0102219726C1D14C04A09C1AA7A6945C0BC218D0A9C1C14C06BF294D5746945C08AC91B60E61B14C0698A00A7776945C07CF2B0506B1A14C0BB48A12C7C6945C04930D5CC5A1A14C0C9E369F9816945C01CEC4D0CC91914C02D5E2C0C916945C011E15F048D1914C0A10F96B1A16945C0E597C118911814C0280F0BB5A66945C0363B527DE71714C07157AF22A36945C065DF15C1FF1614C023BA675DA36945C03F53AF5B041614C09C35785F956945C002F04FA9121514C0D8D5E429AB6945C04D672783A31414C0BB9866BAD76945C071CB4752D21314C0897E6DFDF46945C0D9B45208E41214C013D38558FD6945C057975302621214C05C381092056A45C0DC8310902F1114C0C1AC50A4FB6945C01DE6CB0BB00F14C09C51F355F26B45C00F43AB93331414C0,19,,,,,,,,,,,,,,,Santa Rosa,136,Norte,Centro_Norte,590
0106000020E6100000010000000103000000010000000C000000A9DDAF027C6745C0850838842A6514C0A4552DE9286745C07AC2120F286B14C055DD239BAB6645C0A0FF1EBC766914C0A52DAEF1996645C030F2B226166814C027D87F9D9B6645C0DB4DF04DD36714C063EDEF6C8F6645C05439ED29396714C0D9E90775916645C02D095053CB6614C02DEDD45C6E6645C0309E4143FF6414C068CEFA94636645C0D09CF529C76414C026DF6C73636645C020D1048A586414C0D61F6118B06645C05114E813796214C0A9DDAF027C6745C0850838842A6514C0,43,39,125,262,376,168,108,20,13,68,225,562,559,959,1210,Nossa Sra Das Graças,215,Sul,Sul,2010
0106000020E61000000100000001030000000100000008000000BC783F6EBF6845C0A7406667D13B14C09F3E027FF86745C0DF313CF6B33814C09E0AB8E7F96745C097715303CD3714C041BB438A016845C07AE3A430EF3114C04C35B396026845C0CBBBEA01F33014C0812557B1F86745C08EAF3DB3243014C0A6423C122F6945C008E753C72A3514C0BC783F6EBF6845C0A7406667D13B14C0,27,6,37,68,111,302,1016,31,11,50,139,450,746,1680,1897,Real Copagre,134,Norte,Centro_Norte,1200
0106000020E6100000010000000103000000010000000E000000D7DB662AC46945C0EF37DA71C32F14C09C8C2AC3B86945C01616DC0F783014C0503A9160AA6945C08D9C853DED3014C05F9B8D95986945C03C2EAA45443114C00E863AAC706945C0A852B3075A3114C0CEE15AED616945C03659A31EA23114C0BBF1EEC8586945C0B29C84D2173214C0BC5983F7556945C0A13028D3683214C04791B586526945C099B7EA3A543314C0DFDE35E84B6945C09087BEBB953514C00C3CF71E2E6945C0FD6CE4BA293514C0B308C556D06845C0DD41EC4CA13314C0BFEFDFBC386945C065187783682D14C0D7DB662AC46945C0EF37DA71C32F14C0,24,8,66,128,203,95,53,18,3,25,114,262,324,464,735,Itaperu,115,Norte,Centro_Norte,1820
0106000020E6100000010000000103000000010000000F000000048E041A6C6A45C00B98C0ADBB3914C0F2EA1C03B26945C0AB5CA8FC6B3914C036E49F19C46945C0BDE13E726B3214C043E38920CE6945C01956F146E63114C0F165A208A96945C080B8AB57913114C06D1FF296AB6945C09850C1E1053114C0FCC8AD49B76945C0E3C798BB963014C00D1D3BA8C46945C0AB7823F3C82F14C06B65C22FF56945C0EF5701BEDB2C14C048FDF50A0B6A45C082035ABA822D14C002840F255A6A45C07B4D0F0A4A3114C09CF86A47716A45C0AE6186C6133114C06AF5D555816A45C0C22FF5F3A63214C09E7DE5417A6A45C0863DEDF0D73414C0048E041A6C6A45C00B98C0ADBB3914C0,23,3,8,73,556,567,504,50,1,3,22,211,797,2107,2445,Nova Brasília,126,Norte,Centro_Norte,900
0106000020E610000001000000010300000001000000080000003657CD73446A45C08F19A88C7F3F14C0F6B2EDB4356A45C0A12B11A8FE4114C0537765170C6A45C0AE9D2809894414C0CBBE2B82FF6945C0D53C47E4BB4414C01DC9E53FA46945C0A86DC328083E14C0C9570229B16945C01D210379763914C0F2EEC8586D6A45C0051555BFD23914C03657CD73446A45C08F19A88C7F3F14C0,22,,5,12,31,218,1075,41,,5,46,244,622,1798,1899,Parque Alvorada,128,Norte,Centro_Norte,1020
0106000020E61000000100000001030000000100000005000000C8B4368DED6545C03D62F4DC428714C062DA37F7576545C0E50E9BC8CC8514C0B6BE4868CB6545C031EC3026FD7D14C0C498F4F7526645C07D5BB054178014C0C8B4368DED6545C03D62F4DC428714C0,29,3,16,26,12,3,,1,1,8,25,40,31,41,88,Triunfo,235,Sul,Sul,3510
0106000020E6100000010000000103000000010000001F000000B16B7BBB256945C01B683EE76E2714C0B43BA418206945C0E222F774752714C04260E5D0226945C072158BDF142614C09148DBF8136945C02507EC6AF22414C0FCFECD8B136945C0F296AB1F9B2414C0D45FAFB0E06845C0D6355A0EF42014C0BFB67EFACF6845C0992EC4EA8F2014C0DC4AAFCDC66845C03E247CEF6F2014C0240ED940BA6845C088F2052D242014C07A724D81CC6845C0CA1AF5108D1E14C0FBE8D495CF6845C0034356B77A1E14C02DB1321AF96845C015580053061E14C094C151F2EA6845C01DE90C8CBC1C14C08196AE601B6945C0B517D1764C1D14C09A7D1EA33C6945C0880D164ED21C14C0126745D4446945C0E31C75745C1D14C0F6D214014E6945C0643F8BA5481E14C0E9F010C64F6945C0363FFED2A21E14C0309DD66D506945C07E5182FE421F14C092921E86566945C00CCC0A45BA1F14C0D2E5CDE15A6945C02DB308C5562014C0D49E9273626945C026FBE769C02014C02CD32F116F6945C0209A79724D2114C00229B16B7B6945C0B937BF61A22114C0978FA4A4876945C06F2F698CD62114C00F45813E916945C0A72215C6162214C03A9160AA996945C01EFB592C452214C0DC82A5BA806945C0B0027CB7792314C09B3C65355D6945C009A87004A92414C0616C21C8416945C04B02D4D4B22514C0B16B7BBB256945C01B683EE76E2714C0,21,1,12,80,469,412,379,34,,4,29,174,605,1821,1960,São Francisco,139,Norte,Centro_Norte,1020
0106000020E61000000100000001030000000100000014000000E55E6056286645C096438B6CE75B14C0AA44D95BCA6545C0F7E7A221E36114C0A86DC328086445C059315C1D006114C048FDF50A0B6445C0C1029832706014C03126FDBD146445C0A59E05A1BC5F14C00327DBC01D6445C04CFE277FF75E14C0F20C1AFA276445C02B2FF99FFC5D14C035D252793B6445C02DB1321AF95C14C021054F21576445C0C896E5EB325C14C01EA33CF3726445C0AC1A84B9DD5B14C0ACE46377816445C0685BCD3AE35B14C06CE8667FA06445C034812216315C14C01E6E8786C56445C045F295404A5C14C0C632FD12F16445C0D4D688601C5C14C00890A163076545C0183F8D7BF35B14C091990B5C1E6545C06EDE3829CC5B14C03F1BB96E4A6545C08693347F4C5B14C062DA37F7576545C03C69E1B20A5B14C028B85851836545C0B119E0826C5914C0E55E6056286645C096438B6CE75B14C0,45,103,142,197,194,351,922,41,100,198,375,735,741,1760,2150,Ilhotas,114,Norte,Centro_Norte,1777.5
0106000020E6100000010000000103000000010000000B0000006D718DCF646745C0FA7E6ABC745314C0E10CFE7E316745C048A5D8D1385414C0368FC360FE6645C04BCD1E68055614C01A6A1492CC6645C0C9207711A65814C024D06053E76545C0F1F274AE285514C0CAA65CE15D6645C034492C29774F14C07094BC3AC76645C0F299EC9FA75114C0B9FFC874E86645C05A0F5F268A5014C0064B75012F6745C04B5AF10D854F14C0335019FF3E6745C027C11BD2A85014C06D718DCF646745C0FA7E6ABC745314C0,40,72,97,193,277,123,93,17,40,85,183,423,374,736,1076,Cabral,109,Norte,Centro_Norte,2040
0106000020E610000001000000010300000001000000090000002BDCF291946645C0043C69E1B25A14C0956588635D6645C0EBFF1CE6CB5B14C066BE839F386645C0ACAB02B5185C14C09EB29AAE276645C0E55FCB2BD75B14C00BD3F71A826545C01DE736E15E5914C0360186E5CF6545C08A0453CDAC5514C0782AE09EE76545C0AD16D863225514C0BCC96FD1C96645C0404B57B08D5814C02BDCF291946645C0043C69E1B25A14C0,41,28,168,234,158,57,57,42,162,284,494,296,113,303,678,Frei Serafim,113,Norte,Centro_Norte,8000
0106000020E6100000010000000103000000010000000B0000002A38BC20226945C0944C4EED0C5314C0A14B38F4166945C03FC571E0D55214C051BB5F05F86845C0F0C000C2875214C0143FC6DCB56845C051888043A85214C0B6D95889796845C0A6D590B8C75214C042E8A04B386845C006BAF605F45214C0A06CCA15DE6745C033F9669B1B5314C02EAD86C43D6845C0496760E4654D14C0711E4E603A6945C0C520B072685114C0B796C9703C6945C09772BED87B5114C02A38BC20226945C0944C4EED0C5314C0,33,29,92,208,290,124,70,18,6,41,165,474,426,703,781,Mafuá,118,Norte,Centro_Norte,2040
0106000020E6100000010000000103000000010000000B000000EA03C93B876845C0D4484BE5ED4814C0BFB9BF7ADC6745C061FE0A992B5314C0DEB06D51666745C005A22765525314C0F8510DFB3D6745C04F95EF19895014C0FA0AD28C456745C071AC8BDB685014C0EFFE78AF5A6745C0DD442DCDAD5014C00B47904AB16745C0747973B8564B14C0FD4D2844C06745C0F1D4230D6E4B14C0F69672BED86745C0CC26C0B0FC4914C03DB7D095086845C00A0F9A5DF74614C0EA03C93B876845C0D4484BE5ED4814C0,37,67,160,306,325,130,68,15,24,92,314,657,522,785,1098,Marquês,119,Norte,Centro_Norte,2550
0106000020E6100000010000000103000000010000000A000000D926158DB56745C0FDBD141E344B14C0F2B0506B9A6745C0DE03745FCE4C14C0838AAA5FE96645C0F4A8F8BF234A14C056D636C5E36645C0111B2C9CA44914C09082A7902B6745C040F7E5CC764514C03B1DC87A6A6745C0F44F70B1A24614C0003620425C6745C086AE44A0FA4714C0F8FE06EDD56745C0EE940ED6FF4914C04AEB6F09C06745C0D50627A25F4B14C0D926158DB56745C0FDBD141E344B14C0,39,5,14,74,280,242,208,20,4,8,26,143,344,1149,1222,Morro da Esperança,125,Norte,Centro_Norte,1020
0106000020E6100000010000000103000000010000000C000000CC28965B5A6745C00A100533A65014C011FFB0A5476745C005C24EB16A5014C0ED0BE8853B6745C0FF3EE3C2815014C0A77686A92D6745C0ACADD85F764F14C0DCD5ABC8E86645C0FA47DFA4695014C0EB36A8FDD66645C00ADB4FC6F85014C06AA33A1DC86645C091EF52EA925114C03C4ED1915C6645C0CEC47421564F14C0AFEDED96E46645C0DE3B6A4C884914C04167D2A6EA6645C0AFCC5B751D4A14C04D309C6B986745C0C74961DEE34C14C0CC28965B5A6745C00A100533A65014C0,38,23,61,108,194,129,90,29,7,33,97,265,300,537,806,Porenquanto,131,Norte,Centro_Norte,1530
0106000020E610000001000000010300000001000000090000003656629E956A45C0EB6E9EEA904B14C0EF022505166A45C0EBC4E578055214C08A5759DB146945C0BF44BC75FE4D14C036954561176945C0B4B0A71DFE4A14C02E3C2F151B6945C06D0377A04E4914C0164ED2FC316945C0B6F3FDD4784914C0313F3734656945C0CF4C309C6B4814C0D462F030ED6945C00F4240BE844A14C03656629E956A45C0EB6E9EEA904B14C0,34,36,95,170,290,146,109,19,19,43,179,411,380,676,911,Pirajá,130,Norte,Centro_Norte,1663
0106000020E61000000100000001030000000100000010000000EA211ADD416845C00C03965CC57214C0A2427573F16745C084F3A963957214C08C31B08EE36745C0CD91955F067314C00953944BE36745C00516C094817314C02A36E675C46745C03E213B6F637314C0BEA4315A476745C01F48DE39947114C0D5CDC5DFF66645C02DEDD45C6E7014C068E90AB6116745C03561FBC9186F14C00475CAA31B6745C098A59D9ACB6D14C05C5837DE1D6745C0CAA48636006B14C0F8E3F6CB276745C07AC2120F286B14C0863B17467A6745C024986A662D6514C0B81E85EB516845C009707A17EF6714C0533C2EAA456845C02D978DCEF96914C0BABA63B14D6845C0809E060C926E14C0EA211ADD416845C00C03965CC57214C0,42,63,196,354,517,243,170,27,26,89,294,900,797,1336,1712,Vermelha,236,Sul,Sul,2000
0106000020E6100000010000000103000000010000000E000000E4D70FB1C16845C0F1BC546CCC3B14C0AB9509BFD46745C071732A19004A14C0A81E69705B6745C05E83BEF4F64714C0228D0A9C6C6745C06C97361C964614C0191EFB592C6745C084D382177D4514C019AF7955676745C052EDD3F1984114C0B8955E9B8D6745C035ED629AE93E14C08ACA8635956745C0DEC9A7C7B63C14C07F501729946745C0317BD976DA3A14C063D34A21906745C0003620425C3914C074ED0BE8856745C0259012BBB63714C0939048DBF86745C0D0F0660DDE3714C0E6EAC726F96745C0B806B64AB03814C0E4D70FB1C16845C0F1BC546CCC3B14C0,30,27,103,200,244,566,1285,62,22,98,411,991,1252,2230,3021,Primavera,133,Norte,Centro_Norte,1530
0106000020E61000000100000001030000000100000008000000540262122E6645C0DB1324B6BB7714C0F6798CF2CC6545C059FAD005F57D14C07B6B60AB046545C09D82FC6CE47A14C09B3DD00A0C6545C05A677C5F5C7A14C0C7DADFD91E6545C090DB2F9FAC7814C0E41071732A6545C0147651F4C07714C09696917A4F6545C0BF4351A04F7414C0540262122E6645C0DB1324B6BB7714C0,52,2,18,69,214,234,191,101,,8,37,147,389,751,1369,Redenção,226,Sul,Sul,800
0106000020E6100000010000000103000000010000000B0000009FAF592E1B6745C0BF2A172AFF6A14C029B34126196745C0E25B5837DE6D14C04AD05FE8116745C084F1D3B8376F14C0ECC1A4F8F86645C0C11F7EFE7B7014C06808C72C7B6645C0AE9D2809897414C0DB696B44306645C0149337C0CC7714C0D690B8C7D26545C09AD18F86537614C09A0645F3006645C0B07614E7A87314C029B000A60C6645C0438CD7BCAA7314C009A87004A96645C0A59F70766B6914C09FAF592E1B6745C0BF2A172AFF6A14C0,50,79,242,384,517,262,159,32,24,135,404,856,841,1307,1724,Macaúba,212,Sul,Sul,2110
0106000020E610000001000000010300000001000000140000009D853DEDF06545C00AA01859328714C03D2CD49AE66545C07A17EFC7ED8714C0DDE9CE13CF6545C0B51A12F7588A14C03E95D39E926545C07DCF4884469014C0E9263108AC6445C0096F0F42408E14C0C58CF0F6206445C03DB5FAEAAA9014C04B1FBAA0BE6345C091F0BDBF418B14C0425E0F26C56345C080289831058B14C0A6EF3504C76345C0CE397826348914C08D5F7825C96345C073D87DC7F08814C0051555BFD26345C064062AE3DF8714C04C530438BD6345C0B0E76B96CB8614C09483D904186445C09D6340F67A8714C0A9A0A2EA576445C09E42AED4B38014C0ED48F59D5F6445C027309DD66D8014C08AC745B5886445C00F7BA180ED8014C0AA4885B1856445C07A185A9D9C8114C0098849B8906545C06EA301BC058214C0B4CC22145B6545C0B1A371A8DF8514C09D853DEDF06545C00AA01859328714C0,55,70,285,728,1456,845,508,95,18,135,545,1548,2242,3527,4832,Lourival Parente,211,Sul,Sul,1530
0106000020E61000000100000001030000000100000014000000A5D8D138D46545C006BCCCB0517614C0E54350357A6545C030478FDFDB7414C08692C9A99D6545C02FF834272F7214C01FDAC70A7E6545C095456117456F14C0725298F7386545C09D82FC6CE46A14C0EF8FF7AA956545C0EED11BEE236714C0D1EAE40CC56545C0677E3507086614C0626A4B1DE46545C0577C43E1B36514C0C1374D9F1D6645C0012F336C946514C0CEC7B5A1626645C00F60915F3F6414C0B537F8C2646645C00E9F7422C16414C092B245D26E6645C0ECDE8AC4046514C0D9B5BDDD926645C0BBED42739D6614C059A7CAF78C6645C0C0401020436714C0925A28999C6645C0BFB9BF7ADC6714C035EECD6F986645C02B357BA0156814C027C11BD2A86645C03F726BD26D6914C03C8386FE096645C0211E8997A77314C0C4995FCD016645C099654F029B7314C0A5D8D138D46545C006BCCCB0517614C0,47,55,231,586,1052,558,326,53,21,82,429,1247,1532,2975,3353,Monte Castelo,213,Sul,Sul,1600
0106000020E610000001000000010300000001000000090000006FB88FDC9A6445C00C79043752A614C0C6BFCFB8706445C0EAD0E97937A614C057CD7344BE6345C0FAD2DB9F8BA614C04D4C1762F56345C077A38FF980A014C08099EFE0276445C08D2958E36C9A14C00F643DB5FA6445C0ACA8C1340C9F14C0D009A1832E6545C002D9EBDD1F9F14C0274BADF71B6545C07E384888F2A514C06FB88FDC9A6445C00C79043752A614C0,56,9,55,269,878,804,705,84,4,14,153,551,1241,3085,3474,Santa Cruz,228,Sul,Sul,1020
0106000020E6100000010000000103000000010000000C0000009F211CB3EC6745C0A6F10BAF248914C005323B8BDE6745C0D1915CFE438A14C0BB641C23D96745C0DB4FC6F8308B14C08FAB915D696745C059DB148F8B8A14C02600FF942A6745C0D6FCF84B8B8A14C08196AE601B6745C031242713B78A14C05F79909E226745C0009013268C8614C0DE1FEF552B6745C01C2444F9828614C0DA1B7C61326745C0C251F2EA1C8314C0755B22179C6745C03C873254C58414C037C64E78096845C0B2BB4049818514C09F211CB3EC6745C0A6F10BAF248914C0,54,2,13,22,66,63,37,9,1,9,18,43,91,230,234,Santa Luzia,229,Sul,Sul,1020
0106000020E610000001000000010300000001000000130000007C48F8DEDF6245C0A33F34F3E49A14C0B07614E7A86145C07D5BB05417A014C05B441493376045C0B900344A978E14C010786000E15F45C0887FD8D2A38914C041D3122BA35F45C07768588CBA8614C0E61E12BEF75F45C02C11A8FE418414C099F56228276045C0B7EC10FFB08514C0F7E6374C346045C0C38366D7BD8514C0CC086F0F426045C0077DE9EDCF8514C0800D8810576045C029081EDFDE8514C01D1EC2F8696045C067EDB60BCD8514C0A75B76887F6045C023BA675DA38514C09B728577B96045C0CAC2D7D7BA8414C0FAEE5696E86045C0DCBA9BA73A8414C0F71DC3633F6145C0D314014EEF8214C03ECE3461FB6145C05BB1BFEC9E8C14C0DC68006F816245C0876D8B321B9414C09A79724D816245C0F88DAF3DB39414C07C48F8DEDF6245C0A33F34F3E49A14C0,57,,1,2,14,45,58,5,,,1,7,30,161,152,São Lourenço,231,Sul,Sul,510
0106000020E6100000010000000103000000010000000D0000000514EAE9236845C0EE76BD34458014C0F7C77BD5CA6645C0323CF6B3587A14C00B0E2F88486745C0978FA4A4877114C0B40584D6C36745C060C9552C7E7314C071E82D1EDE6745C010AD156D8E7314C00E10CCD1E36745C09A0986730D7314C0BD3AC780EC6745C073BC02D1937214C0333674B33F6845C0CD57C9C7EE7214C0401878EE3D6845C01A4E999B6F7414C0A2410A9E426845C0B79A75C6F77514C0B8B06EBC3B6845C04BADF71BED7814C003B2D7BB3F6845C0FF0758AB767D14C00514EAE9236845C0EE76BD34458014C0,48,13,78,139,167,469,1386,66,15,90,310,753,1072,2442,2901,São Pedro,232,Sul,Sul,1310
0106000020E6100000010000000103000000010000000C000000378E588B4F6545C098FBE428407414C03C69E1B20A6545C0F96A47718E7A14C016DA39CD026545C092CEC0C8CB7A14C085984BAAB66345C00CAEB9A3FF7514C0080264E8D86345C03F8BA548BE7214C0F9156BB8C86345C092240857407114C03B394371C76345C0B0912408577014C006499F56D16345C013D6C6D8096F14C0CAE2FE23D36345C037C1374D9F6D14C0E2AB1DC5396445C0B2BCAB1E306F14C0A60EF27A306545C08811C2A38D7314C0378E588B4F6545C098FBE428407414C0,53,46,123,333,1139,802,653,95,14,74,208,741,1540,3900,4399,Três Andares,234,Sul,Sul,1090
0106000020E6100000010000000103000000010000000B000000CF86FC33836645C0A06CCA15DEA514C04FEACBD24E6545C006BCCCB051A614C03882548A1D6545C0CE716E13EEA514C0A051BAF42F6545C02FC1A90F249F14C09F3E027FF86545C05C0531D0B59F14C039622D3E056645C06F4562821A9E14C039268BFB8F6645C01F680586AC9E14C05CC823B8916645C00932022A1CA114C0D4601A868F6645C04C18CDCAF6A114C04E61A5828A6645C03F6EBF7CB2A214C0CF86FC33836645C0A06CCA15DEA514C0,68,3,8,37,214,277,264,25,2,1,18,100,319,1078,897,Areias,203,Sul,Sul,734
0106000020E6100000010000000103000000010000001100000085D1AC6C1F6445C082919735B19014C07024D060536345C075C7629B549414C0CB694FC9396345C0DBC4C9FD0E9514C0E124CD1FD36245C09ACFB9DBF59214C092EC116A866245C00A4CA7751B9414C0BD5301F73C6145C0C2172653058314C0D976DA1A116245C00AD6389B8E8014C0BBED42739D6245C0ED4960730E7E14C02786E464E26245C082C64CA25E8014C06FF607CA6D6345C055A18158368314C0003CA242756345C005DCF3FC698314C003EE79FEB46345C0C74ACCB3928614C074CFBA46CB6345C064AF777FBC8714C0FBE59315C36345C056F2B1BB408914C0C11BD2A8C06345C0C5CA68E4F38A14C05EBEF561BD6345C03CDD79E2398B14C085D1AC6C1F6445C082919735B19014C0,59,29,190,605,1278,846,490,82,10,10,57,353,1327,3442,4192,Bela Vista,204,Sul,Sul,1367
0106000020E61000000100000001030000000100000010000000A29927D7146445C09D6340F67A8714C05A9D9CA1B86345C02DCF83BBB38614C0BD18CA89766345C0AA0B7899618314C0B5DE6FB4E36245C0DD96C805678014C003CE52B29C6245C0DC12B9E00C7E14C06C04E275FD6245C01EDFDE35E87B14C011FFB0A5476345C04AF1F109D97914C05C1D0071576345C0118AADA0697914C04A09C1AA7A6345C0CF2F4AD05F7814C0EFE6A90EB96345C08F52094FE87514C0815CE2C8036545C06ADD06B5DF7A14C04582A966D66445C09B5434D6FE7E14C0C4060B27696445C085268925E57E14C029AF95D05D6445C09ECE15A5848014C0BDA772DA536445C015C440D7BE8014C0A29927D7146445C09D6340F67A8714C0,60,,10,34,129,135,139,2,,3,22,68,188,518,657,Catarina,206,Sul,Sul,950
0106000020E6100000010000000103000000010000001F000000C537143E5B6745C03FE257ACE19214C094DDCCE8476745C093399677D59314C035CF11F92E6745C080BA8102EF9414C0863C821B296745C0E6B2D1393F9514C0D120054F216745C0F0F78BD9929514C0765089EB186745C0628731E9EF9514C0058C2E6F0E6745C0779D0DF9679614C065DF15C1FF6645C0F94B8BFA249714C01024EF1CCA6645C03929CC7B9C9914C006F52D73BA6645C0D788601C5C9A14C04BAE62F19B6645C03A782634499C14C05DFC6D4F906645C02AA8A8FA959E14C07A1D71C8066645C009185DDE1C9E14C0C90567F0F76545C0E4839ECDAA9F14C0E27492AD2E6545C040BE840A0E9F14C0DCA0F65B3B6545C08E78B29B199D14C08B338639416545C080F3E2C4579B14C039984D80616545C070B54E5C8E9714C0D55C6E30D46545C035971B0C759814C0D8F2CAF5B66545C017670C73829614C0BA9F53909F6545C0B3F0F5B52E9514C0711DE38A8B6545C0274F594DD79314C03332C85D846545C078B306EFAB9214C0CCD07822886545C031EE06D15A9114C031B3CF63946545C07DB262B83A9014C0C746205ED76545C054E3A59BC49014C0AB23473A036745C017BA1281EA8F14C0874D64E6026745C0A41CCC26C09014C0FFB1101D026745C01A868F88299114C0325706D5066745C0E7ABE463779114C0C537143E5B6745C03FE257ACE19214C0,63,,,,,,,,,,,,,,,Distrito Industrial,209,Sul,Sul,800
0106000020E610000001000000010300000001000000090000004A438D42926545C090D78349F18114C09D668176876445C058AA0B78998114C0850A0E2F886445C076C58CF0F68014C015A8C5E0616445C005FC1A49828014C006F69848696445C0C9022670EB7E14C093533BC3D46445C051BB5F05F87E14C0406D54A7036545C0ED9E3C2CD47A14C0399D64ABCB6545C020D26F5F077E14C04A438D42926545C090D78349F18114C0,61,20,137,523,823,334,184,78,9,54,356,1117,1040,1013,1918,Morada Nova,214,Sul,Sul,1800
0106000020E6100000010000000103000000010000000900000086E3F90CA86345C0E28FA2CEDC9314C08E1F2A8D986345C0B071FDBB3E9314C0F17F4754A86445C0144031B2648E14C02C2AE274926545C0E3FC4D28449014C0CCD07822886545C047FFCBB5689114C0C9AF1F62836545C0D34ECDE5069314C045BA9F53906545C053591476519414C0205ED72FD86545C0C4B5DAC35E9814C086E3F90CA86345C0E28FA2CEDC9314C0,64,39,213,715,1166,554,332,73,12,74,445,1436,1670,2681,3782,Parque Piauí,218,Sul,Sul,1720
0106000020E61000000100000001030000000100000012000000355D4F745D6245C0313F3734653714C0AF7AC03C646245C0DB8651103C3E14C02CB98AC56F6245C0AC1C5A643B3F14C0009013268C6245C029064834814214C08A3E1F65C46145C01381EA1F444214C06FF085C9546145C040DD4081774214C07573F1B73D6145C07FF78E1A134214C0096CCEC1336145C0ECA2E8818F4114C0EBE40CC51D6145C0C07B478D094114C0FB7953910A6145C0778192020B4014C09487855AD36045C0AD174339D13E14C05E81E849996045C016DF50F86C3D14C073637AC2126145C0BC3E73D6A73C14C052D7DAFB546145C04700378B173B14C096D05D12676145C07ADFF8DA333B14C00DC68844A16145C00ABABDA4313A14C0CD8FBFB4A86145C00A68226C783A14C0355D4F745D6245C0313F3734653714C0,83,71,120,263,697,516,310,72,49,83,236,493,955,2295,2324,Piçarreira,313,Leste,Leste,1220
0106000020E6100000010000000103000000010000000A0000009BC8CC052E6545C0A708707A179F14C03106D671FC6445C0A7CEA3E2FF9E14C04B581B63276445C0FF9600FC539A14C0F530B43A396345C0909F8D5C379514C0842BA0504F6345C0BF60376C5B9414C03CF9F4D8966345C0179F02603C9314C05E8429CAA56345C08D7C5EF1D49314C045460724616545C0B491EBA6949714C05169C4CC3E6545C019A9F7544E9B14C09BC8CC052E6545C0A708707A179F14C0,67,6,54,505,2091,1523,972,122,2,17,154,1201,2897,5925,6215,Promorar,225,Sul,Sul,1040
0106000020E6100000010000000103000000010000000A000000F04DD367076245C000E5EFDE515314C02C802903076245C02F3196E9975814C0FBAC32535A6145C029EACC3D245C14C0F19C2D20B46045C010E9B7AF035714C0A036AAD3816045C0A646E867EA5514C0466117450F6045C0800C1D3BA85414C0D925AAB7066045C09E279EB3055414C061A417B5FB5F45C09F3D97A9495014C017D9CEF7536145C0DF1AD82AC15214C0F04DD367076245C000E5EFDE515314C0,104,41,58,53,41,20,17,7,17,56,98,126,96,126,375,Recanto Das Palmeiras,316,Leste,Leste,4000
0106000020E6100000010000000103000000010000000E0000001CB28174B16745C0D09D60FF758E14C0BB7CEBC37A6745C09D2FF65E7C9114C0AE0FEB8D5A6745C05C936E4BE49214C0325706D5066745C05396218E759114C082902C60026745C03737A6272C9114C0FE7DC685036745C067F3380CE68F14C05B28999CDA6545C0F9122A38BC9014C0F6B4C35F936545C09F03CB11329014C02A53CC41D06545C010EB8D5A618A14C0D52478431A6745C092B1DAFCBF8A14C0DF878384286745C0FE0A992B838A14C0580229B16B6745C0D6FCF84B8B8A14C09D4B7155D96745C07AC2120F288B14C01CB28174B16745C0D09D60FF758E14C0,62,79,383,682,746,207,88,19,30,133,622,1526,1208,1441,2549,Saci,227,Sul,Sul,2760
0106000020E61000000100000001030000000100000017000000B6F63E55856245C01B2D077AA81D14C073F7393E5A6245C02025766D6F2714C05EF23FF9BB6145C0AF3E1EFAEE2614C06CCEC133A16145C0D28A6F287C2614C0904FC8CEDB6045C068B3EA73B52514C05393E00D696045C0C767B27F9E2614C05587DC0C376045C0CD599F724C2614C0A31EA2D11D6045C0A52E19C7482614C02F1686C8E95F45C0670FB402432614C06F1283C0CA5F45C0C8D11C59F92514C019C5724BAB5F45C05CE7DF2EFB2514C0CB9C2E8B895F45C0C2C073EFE11214C0D9B27C5D865F45C00727A25F5B0F14C06EFC89CA865F45C05743E21E4B0F14C05FB2F1608B5F45C013D6C6D8090F14C03BA8C4758C5F45C0C93CF207030F14C0E6E5B0FB8E5F45C00D198F52090F14C0F644D7851F6045C0A9C1340C1F1114C00FF27A30296045C08B71FE26141214C0429770E82D6045C09B215514AF1214C048FE60E0B96145C050189469341914C078B6476FB86145C0431CEBE2361A14C0B6F63E55856245C01B2D077AA81D14C0,79,13,16,38,108,81,73,3,8,15,34,98,111,349,331,Morros,309,Leste,Leste,1132.5
0106000020E610000001000000010300000001000000060000005E13D21A836245C06CEEE87FB9A614C0309B00C3F26145C06DC7D45DD9B514C0ADBEBA2A506145C03C9F01F566B414C076C24B70EA6145C0060E68E90AA614C0D3DB9F8B866245C0D925AAB706A614C05E13D21A836245C06CEEE87FB9A614C0,70,,2,11,83,96,105,17,,1,4,35,112,344,384,Parque Jacinta,216,Sul,Sul,720
0106000020E6100000010000000103000000010000000900000073A1F2AFE56145C0B7B75B9203A614C077499C15516145C020D1048A58B414C0E8F527F1B95F45C016F9F5436CB014C0D5AE09698D5F45C0F163CC5D4BA814C0ED9DD156255F45C0963FDF162CA514C03599F1B6D25F45C00169FF03ACA514C014E7A8A3E36045C0D3DA34B6D7A214C06A2E3718EA6045C0126BF12900A614C073A1F2AFE56145C0B7B75B9203A614C0,71,,,2,12,5,5,,,,,9,10,28,16,Parque Juliana,217,Sul,Sul,1145
0106000020E610000001000000010300000001000000110000004C1AA375546545C05CAFE941411914C00C3CF71E2E6545C0FBB2B453731914C06571FF91E96445C09886E123621A14C07009C03FA56445C091990B5C1E1B14C05663096B636445C0DA54DD239B1B14C0CD94D6DF126445C07D259012BB1614C04772F90FE96345C02C4833164D1714C00AF83592046345C01409A69A590B14C0AB23473A036345C0F86F5E9CF80A14C0054D4BAC8C6245C0FF58880E810314C090F63FC05A6345C0BC0853944B0314C03CA24275736345C04A44F817410314C0F7915B936E6345C04012F6ED240214C06B2C616D8C6345C07AA9D898D70114C0BE86E0B88C6345C0DCDAC2F3520114C08099EFE0276445C00796236420FF13C04C1AA375546545C05CAFE941411914C0,74,,,,,,,,,,,,,,,Pedra Mole,312,Leste,Leste,950
0106000020E6100000010000000103000000010000001700000021AD31E8846245C0DC2A8881AE1D14C05C0531D0B56145C0BABA63B14D1A14C02A1900AAB86145C0BDC804FC1A1914C04D11E0F42E6045C0450E1137A71214C0CF6A813D266045C0793A5794121214C0B75F3E59316045C0A93121E692FA13C02332ACE28D6045C0E1B54B1B0EFB13C030BC92E4B96045C0D5CC5A0A48FB13C0D593F947DF6045C06A17D34CF7FA13C0EB353D28286145C09831056B9CFD13C083312251686145C085EE92382B0214C03694DA8B686145C0FCC6D79E590214C0D8101C97716145C02F3196E9970814C0E08618AF796145C03868AF3E1E0A14C03753211E896145C057410C74ED0B14C02DD2C43BC06145C05BD3BCE3140D14C0282B86AB036245C0CF11F92EA50E14C076C1E09A3B6245C06B0C3A21741014C0F0A31AF67B6245C0234E27D9EA1214C0E9B81AD9956245C02106BAF6051414C08ACDC7B5A16245C014ED2AA4FC1414C0C5FF1D51A16245C01C0C7558E11614C021AD31E8846245C0DC2A8881AE1D14C0,78,21,20,21,132,155,131,6,7,28,35,61,167,647,643,Socopo,323,Leste,Leste,1020
0106000020E6100000010000000103000000010000001E000000651A4D2EC66245C0956588635D0C14C043554CA59F6245C0C1745AB7410D14C027C11BD2A86245C035B39602D20E14C08F5033A48A6245C0292158552F0F14C06859F78F856245C0FE7DC685031114C00377A04E796245C0187D0569C61214C0CF126404546245C05E10919A761114C00D6D0036206245C0CDACA580B40F14C05917B7D1006245C091B8C7D2870E14C024B9FC87F46145C0A8FE4124430E14C0A9F92AF9D86145C01B2D077AA80D14C0E60819C8B36145C03317B83CD60C14C047904AB1A36145C09A5C8C81750C14C0A1A17F828B6145C0CF4E0647C90B14C0B9E00CFE7E6145C07B6B60AB040B14C05DA8FC6B796145C0103D29931A0A14C0C53D963E746145C0F0164850FC0814C07FF964C5706145C087DEE2E13D0714C061E0B9F7706145C014967840D90414C0637C98BD6C6145C0AA454431790314C0BE2F2E55696145C03BAC70CB470214C0A38FF980406145C0CEC4742156FF13C073672618CE6145C0917EFB3A70FE13C0583B8A73D46145C061360186E5FF13C0FAD346753A6245C02234828DEBFF13C0DE8FDB2F9F6245C0876BB587BD0014C0109370218F6245C0117349D5760314C02254A9D9036345C04209336DFF0A14C05EBA490C026345C0CA6FD1C9520B14C0651A4D2EC66245C0956588635D0C14C0,75,,,,,,,,,,,,,,,Tabajaras,324,Leste,Leste,610
0106000020E610000001000000010300000001000000120000009C6F44F7AC5F45C0B7D4415E0F2614C0508BC1C3B45F45C0AF5DDA70582A14C0F3ACA415DF5E45C0AF7AC03C642A14C07288B839955E45C037C7B94DB82714C05A2E1B9DF35D45C0A5F5B704E02F14C0293C6876DD5D45C00ED76A0F7B3114C08F368E588B5D45C0CC2555DB4D3014C09FAF592E1B5D45C0D5CE30B5A52E14C0A3957B81595D45C043908312662A14C073B9C150875D45C09D4B7155D92714C0C34483143C5D45C0E94999D4D02614C065DEAAEB505D45C00DA9A278952514C0CA5356D3F55C45C0C5E3A25A442414C00C5A48C0E85C45C09E5C5320B32314C0D461855B3E5C45C0C8EA56CF491F14C0ADC1FBAA5C5C45C04D1421753B1B14C0F8E28BF6785D45C065ABCB29012114C09C6F44F7AC5F45C0B7D4415E0F2614C0,80,3,4,56,623,1120,1000,141,1,5,21,186,949,3760,3721,Verde Lar,328,Leste,Leste,644
0106000020E6100000010000000103000000010000001B000000FBE93F6B7E6245C02FA4C343181F14C001DA56B3CE6245C0A88FC01F7E1E14C027F73B14056445C0A65F22DE3A1F14C069C9E369F96345C0A774B0FECF2114C00725CCB4FD6345C0ED48F59D5F2414C098874CF9106445C0E5B7E864A92514C022C50089266445C0AAF06778B32614C033535A7F4B6445C025ECDB49442814C0130CE71A666445C0EFFE78AF5A2914C05C77F354876445C0FAD4B14AE92914C0EF75525F966445C08DD2A57F492A14C062DC0DA2B56445C09DF6949C132B14C0DE5A26C3F16445C0952BBCCB452C14C0D0B87020246545C0221ADD41EC2C14C0336DFFCA4A6545C0389F3A56292D14C02F8672A25D6545C077A1B94E232D14C02592E865146545C0310BED9C663114C016DD7A4D0F6445C0588FFB56EB3414C005357C0BEB6245C0ACA92C0ABB3814C0B55373B9C16245C0614F3BFC353914C0F75AD07B636245C06BD3D85E0B3A14C06649809A5A6245C015C8EC2C7A3714C0350C1F11536245C0E1EEACDD763114C08849B890476245C0D34A21904B2C14C0C347C494486245C0581AF8510D2B14C062C092AB586245C081785DBF602714C0FBE93F6B7E6245C02FA4C343181F14C0,76,10,17,8,15,11,7,1,7,15,20,26,17,101,86,Zoobotânico,329,Leste,Leste,2720
0106000020E610000001000000010300000001000000180000007A6D3656626445C0B8E68EFE971B14C0F7031E18406445C0C83F33880F1C14C081CD3978266445C0717500C45D1D14C01D0247020D6445C07A3881E9B41E14C0759483D9046445C0906B43C5381F14C060AE450BD06245C086048C2E6F1E14C0471FF301816245C0CE16105A0F1F14C0F7B182DF866245C0871744A4A61D14C098DD9387856245C0D74B5304381D14C0F96A47718E6245C0588E90813C1B14C0F4FE3F4E986245C0ADC1FBAA5C1814C00266BE839F6245C0986C3CD8621714C0EE5EEE93A36245C06DAAEE91CD1514C000CADFBDA36245C0245E9ECE151514C0E2E47E87A26245C092EC116A861414C073BC02D1936245C060B1868BDC1314C076525F96766245C0567F8461C01214C09ECE15A5846245C012842BA0500F14C05D363AE7A76245C0ADDD76A1B90E14C007EFAB72A16245C088F546AD300D14C082C476F7006345C06FBC3B32560B14C03A90F5D4EA6345C092921E86561714C0B0AF75A9116445C0772E8CF4A21614C07A6D3656626445C0B8E68EFE971B14C0,77,,,,,,,,,,,,,,,Cidade Jardim,303,Sul,Sul,
0106000020E61000000100000001030000000100000014000000C6302768935D45C0E71C3C139A3414C055A69883A05D45C06A696E85B03A14C09AEAC9FCA35D45C0C5AA4198DB3D14C00B47904AB15D45C057CEDE196D4514C0124F7633A35D45C07F4B00FE294514C01DE736E15E5D45C027840EBA844314C08E959867255D45C078D0ECBAB74214C04D49D6E1E85C45C013B69F8CF14114C0F16261889C5C45C09850C1E1054114C03A5AD5928E5C45C02C0FD253E44014C03C1405FA445C45C0664F029B734014C03ECDC98B4C5C45C09EB12FD9784014C094BDA59C2F5C45C0C72FBC92E42914C09CE1067C7E5C45C06553AEF02E2714C0AFB321FFCC5C45C03ACD02ED0E2914C092921E86565D45C06BD8EF89752A14C0A5A0DB4B1A5D45C03BFC3559A32E14C073B9C150875D45C093E00D69543014C0EC8502B6835D45C0C6F99B50883014C0C6302768935D45C0E71C3C139A3414C0,95,3,4,2,32,44,27,,1,5,7,5,48,147,133,Novo Uruguai,311,Leste,Leste,910
0106000020E61000000100000001030000000100000009000000DCB75A272E6745C050E449D2358314C08A9125732C6745C02881CD39788614C06BF3FFAA236745C04FC939B1878614C0410FB56D186745C0F8A41309A68A14C0849ECDAACF6545C04356B77A4E8A14C0DDEF5014E86545C03C32569BFF8714C0E4310395F16545C087DEE2E13D8714C0350C1F11536645C0990CC7F3198014C0DCB75A272E6745C050E449D2358314C0,58,,,,,,,,,,,,,,,Parque São João,219,Sul,Sul,1300
0106000020E610000001000000010300000001000000100000005038BBB54C6245C009A52F849C3714C068EC4B361E6245C09641B5C1893814C023D74D29AF6145C01B65FD66623A14C0F7393E5A9C6145C0FF791A30483A14C0F04FA912656145C025E99AC9373B14C0BD8DCD8E546145C0BF81C98D223B14C0917C2590126145C0F5BD86E0B83C14C065726A67986045C0EED0B018753D14C0A9F92AF9D85F45C08D463EAF783A14C03B8A73D4D15F45C010E6762FF73914C002452C62D85F45C07782FDD7B93914C0F35487DC0C6145C024809BC58B3514C07784D382176145C08ACA8635953514C0E8A221E3516245C0A8C64B37893114C0BF60376C5B6245C0CB2E185C733714C05038BBB54C6245C009A52F849C3714C0,93,10,15,89,753,1105,870,107,4,13,36,275,1121,3594,3408,Samapi,317,Leste,Leste,800
0106000020E61000000100000001030000000100000009000000F700DD97336145C01F82AAD1AB4114C0D89AADBCE45F45C0EA42ACFE084314C0232E008DD25F45C08D7BF31B263A14C0DE3AFF76D95F45C0E202D0285D3A14C0390F27309D6045C06BF294D5743D14C0E25817B7D16045C05DDE1CAED53E14C071AAB5300B6145C09FC9FE791A4014C043C879FF1F6145C05F28603B184114C0F700DD97336145C01F82AAD1AB4114C0,94,41,49,62,141,127,110,27,24,53,89,151,196,518,691,Santa Lia,319,Leste,Leste,1160
0106000020E61000000100000001030000000100000022000000704221020E6D45C04D9F1D705D0114C0E0BE0E9C336C45C0A60D87A581FF13C0C2F869DC9B6B45C0B85CFDD824FF13C083C2A04CA36945C011381268B0F913C00E68E90AB66945C08BAA5FE97CF813C0B39602D2FE6945C0580053060EF813C0751F80D4266A45C072158BDF14F613C0CAFE791A306A45C0E2E6543200F413C0B5E1B034F06945C0F30016F9F5F313C0C6C210397D6945C0A0353FFED2F213C08D7DC9C6836945C0257497C459F113C01361C3D32B6945C09D47C5FF1DF113C01A69A9BC1D6945C0575D876A4AF213C0EC2FBB270F6945C0F9A067B3EAF313C01C412AC58E6845C08DB62A89ECF313C0A1D80A9A966845C000E5EFDE51F313C0DFFDF15EB56845C097C79A9141EE13C0390EBC5AEE6845C0E0826C59BEEE13C03E22A644126945C0508E0244C1EC13C075E61E12BE6945C02DCE18E604ED13C0DB696B44306A45C016BD5301F7EC13C09CC3B5DAC36A45C0F38DE89E75ED13C0B24813EF006B45C082E673EE76ED13C01F662FDB4E6B45C0BA30D28BDAED13C086A92D75906B45C06B662D05A4ED13C05C3D27BD6F6C45C0BF7E880D16EE13C07D941117806C45C06A317898F6ED13C0E7A7380EBC6C45C0081D740987EE13C0128942CBBA6D45C04CE141B3EBEE13C0662E7079AC6D45C032E4D87A86F013C0D82D02637D6D45C0111956F146F613C00FB40243566D45C02DD1596611FA13C0ED28CE51476D45C00116F9F543FC13C0704221020E6D45C04D9F1D705D0114C0,91,,,,,,,,,,,,,,,Santa Maria,135,Norte,Centro_Norte,644
0106000020E6100000010000000103000000010000000F000000C3D4963AC86345C061AA99B5146014C01763601DC76345C0AF5C6F9BA96014C06C088ECBB86345C01A51DA1B7C6114C0139A2496946145C072E14048166014C0FE65F7E4616145C0CD751A69A95C14C07A36AB3E576145C09B9141EE225C14C096438B6CE76145C02E3BC43F6C5914C072A774B0FE6145C0840F255AF25814C0BC404981056245C008CC43A67C5814C0E92807B3096245C0FA6184F0685314C02CB98AC56F6245C0EECF4543C65314C036936FB6B96345C0726A6798DA5214C0A724EB70746345C0D5230D6E6B5B14C0473EAF78EA6345C0BC04A73E905C14C0C3D4963AC86345C061AA99B5146014C0,96,196,349,439,603,370,212,47,85,264,599,968,979,1930,2610,São João,321,Leste,Leste,2115
0106000020E610000001000000010300000001000000100000000F7F4DD6A85F45C012C2A38D232614C0DA1A118C835D45C0F3203D450E2114C087E123624A5E45C02D060FD3BE1914C0C095ECD8085E45C06E68CA4E3F1814C02A70B20DDC5D45C094331477BC1914C00E85CFD6C15D45C03A765089EB1814C0D2A92B9FE55D45C0DCD440F3391714C036E49F19C45D45C00C2252D32E1614C0CFBBB1A0305E45C0E695EB6D331514C029CC7B9C695E45C0E5EC9DD1561514C035971B0C755E45C01361C3D32B1514C09354A698835E45C002F390291F1214C07DEA58A5F45E45C0056D72F8A41314C047E350BF0B5F45C06551D845D11314C063B66455845F45C02EABB019E01214C00F7F4DD6A85F45C012C2A38D232614C0,81,1,4,62,266,158,56,8,,4,22,199,393,280,326,Vale do Gavião,326,Leste,Leste,1220
0106000020E61000000100000001030000000100000017000000677DCA31596245C05F44DB31752714C02EFEB627486245C086E5CFB7052B14C08E3A3AAE466245C097FF907EFB2A14C05CE674594C6245C0CD1E6805862C14C00DFCA886FD6045C04CA7751BD42E14C0C8091346B36045C0BC581822A72F14C02AA8A8FA956045C06D3CD862B72F14C07365506D706045C08ECC237F303014C0A3923A014D6045C0EE93A300513014C0B2D6506A2F6045C07C60C77F813014C0B4E73235096045C03E079623643014C04983DBDAC25F45C08D976E12833014C0B9718BF9B95F45C0A4C684984B2A14C023A30392B05F45C011363CBD522614C09E7939ECBE5F45C0E4BCFF8F132614C0E31A9FC9FE5F45C0B648DA8D3E2614C03A3E5A9C316045C006137F14752614C0397EA834626045C0D8817346942614C022E010AAD46045C0FBE59315C32514C0670C7382366145C0DEAD2CD1592614C0B5E21B0A9F6145C0C136E2C96E2614C0D0B69A75C66145C016C3D501102714C0677DCA31596245C05F44DB31752714C0,84,42,28,135,609,552,403,34,17,42,92,332,854,2019,2360,Porto do Centro,315,Leste,Leste,1020
0106000020E610000001000000010300000001000000140000004FADBEBA2A6A45C0BB641C23D9F313C08369183E226A45C01288D7F50BF613C0E8A38CB8006A45C02B1895D409F813C026C45C52B56945C0E57ADB4C85F813C0492C29779F6945C0506F46CD57F913C0C898BB96906945C04B7842AF3FF913C06F2A52616C6945C0D84812842B0014C0E7C3B304196945C0508BC1C3B4FF13C08E5BCCCF0D6945C02499D53BDCFE13C08DF0F620046845C0F60A0BEE07FC13C0E7525C55F66745C051A1BAB9F8FB13C0C91CCBBBEA6745C019A9F7544EFB13C02A5778978B6845C08716D9CEF7F313C001F8A754896845C0E8C072840CF413C03999B855106945C05A2E1B9DF3F313C0D3A57F492A6945C037E0F3C308F113C0541B9C887E6945C06A6D1ADB6BF113C01D7233DC806945C0E4D70FB1C1F213C0B328ECA2E86945C081CD397826F413C04FADBEBA2A6A45C0BB641C23D9F313C0,90,,,,,,,,,,,,,,,Monte Verde,124,Norte,Centro_Norte,
0106000020E6100000010000000103000000010000000A0000007A8F334DD85E45C05ED905836B5E14C06E15C440D75E45C0DA56B3CEF85E14C07C60C77F815E45C031B610E4A06414C089D4B48B695E45C070986890826714C00F643DB5FA5C45C0450E1137A76214C08E041A6CEA5C45C0EBFEB1101D6214C076E107E7535D45C04E266E15C46014C07BA2EBC20F5E45C096AFCBF09F5E14C0593332C85D5E45C0910A630B415E14C07A8F334DD85E45C05ED905836B5E14C0,102,,11,99,650,679,504,38,,3,33,292,943,2240,2259,Colorado,403,Sudeste,Sudeste,1000
0106000020E6100000010000000103000000010000000F0000009010E50B5A6245C01BD65416856D14C033DFC14F1C6245C09D64ABCB297114C0F01307D0EF6145C0BDC458A65F7214C0C89750C1E16145C0A69BC420B07214C07A8CF2CCCB6145C0BDAC8905BE7214C04CA4349BC76145C05C76887FD87214C0001E51A1BA6145C0EEEC2B0FD27314C0A70705A5686145C084BBB376DB7514C0DD425722506145C0897D0228467614C02332ACE28D6045C0ED4ACB48BD7714C043E73576896045C0DB183BE1257814C076FBAC32536045C02A00C633687814C0E62329E9616045C0F04FA912655F14C089963C9E966145C00BD12170246014C09010E50B5A6245C01BD65416856D14C0,106,27,236,1299,4177,2561,1596,151,8,68,498,2832,5670,11760,11763,Itararé,408,Sudeste,Sudeste,1260
0106000020E6100000010000000103000000010000000C000000239F573CF56245C0CD237F30F04C14C0C30C8D27826245C0793BC269C14B14C0A587A1D5C96145C02FBFD364C64B14C0FCFD62B6646145C0849B8C2AC34814C068976F7D586145C00E4A9869FB4714C054909F8D5C6145C0265646239F4714C0FF76D9AF3B6145C03BC43F6CE94114C0B64B1B0E4B6145C0F6436CB0704214C0B85B9203766145C00DFE7E315B4214C0FE9E58A7CA6145C0026729594E4214C0E7FF55478E6245C0738236397C4214C0239F573CF56245C0CD237F30F04C14C0,100,348,436,422,289,77,28,25,162,442,813,961,594,482,1530,Morada do Sol,308,Leste,Leste,5000
0106000020E6100000010000000103000000010000001200000058C7F143A56545C0C5A9D6C22C5414C0B7CF2A33A56545C058FE7C5BB05414C0BEDEFDF15E6545C0369204E10A5814C0397B67B4556545C0A1815836735814C03CFA5FAE456545C050FBAD9D285914C04700378B176545C0051555BFD25914C0A3737E8AE36445C0AA49F086345A14C0CE52B29C846445C077F69507E95914C0B2D6506A2F6445C0D122DBF97E5A14C0FAF19716F56345C0028063CF9E5B14C0CB845FEAE76345C083DC4598A25C14C01FBDE13E726345C04774CFBA465B14C0959BA8A5B96345C00C772E8CF45214C0B9196EC0E76345C09A3E3BE0BA5214C0855B3E92926445C09BFF571D395214C083A7902BF56445C04C35B396025214C0D7DD3CD5216545C07F880D164E5214C058C7F143A56545C0C5A9D6C22C5414C0,98,190,232,206,187,118,87,19,92,253,389,463,323,678,1125,Noivos,310,Leste,Leste,3980
0106000020E61000000100000001030000000100000009000000AEF204C24E6145C0F0517FBDC25214C0BBEF181EFB5F45C0446D1B46415014C066101FD8F15F45C096766A2E374814C01C45D61A4A6145C0878C47A9844714C0B79C4B71556145C07BFA08FCE14714C00B7C45B75E6145C05796E82CB34814C03C4F3C670B6245C0F47002D3694D14C05C381092056245C0390D51853F5314C0AEF204C24E6145C0F0517FBDC25214C0,97,268,508,521,370,157,87,68,122,379,936,1039,552,803,1995,Santa Isabel,318,Leste,Leste,4000
0106000020E6100000010000000103000000010000000C00000064062AE3DF6345C0F0517FBDC25214C01F9F909DB76345C000FDBE7FF35214C0723106D6716245C0382F4E7CB55314C0D200DE02096245C055BE6724425314C02B1895D4096245C0BB2BBB60704D14C0C85D8429CA6145C0A75D4C33DD4B14C0BE839F38806245C057410C74ED4B14C0DBBE47FDF56245C0DE770C8FFD4C14C0E65C8AABCA6245C06F1118EB1B4814C05DA8FC6B796345C06A32E36DA54714C0022D5DC1366445C0FE9E58A7CA4714C064062AE3DF6345C0F0517FBDC25214C0,99,542,520,401,234,79,53,57,322,621,976,903,475,777,1990,São Cristovão,320,Leste,Leste,6005
0106000020E61000000100000001030000000100000013000000501C40BFEF5F45C04D69FD2D014814C0EE43DE72F55F45C022E2E654325014C00490DAC4C95F45C0B6F292FFC94F14C0B5E21B0A9F5F45C067D13B15704F14C0BD18CA89765F45C067B45549644F14C06D718DCF645F45C04580D3BB784F14C052BAF42F495F45C0DF8C9AAF924F14C036035C902D5F45C0F5BA4560AC4F14C01A187959135F45C0B7442E38834F14C04DA25EF0695E45C0889E94490D4D14C0F3CB608C485E45C0B77C24253D4C14C053094FE8F55D45C0BCEA01F3904914C08978EBFCDB5D45C0C1012D5DC14614C07A522635B45D45C0EB0088BB7A4514C054724EECA15D45C0F8A92A34103B14C0122EE411DC5E45C0AF0B3F389F3A14C014ED2AA4FC5E45C0A4FB3905F93914C00C06D7DCD15F45C02191B6F1273A14C0501C40BFEF5F45C04D69FD2D014814C0,103,86,93,195,437,353,219,33,53,102,200,431,586,1297,1245,Uruguai,325,Leste,Leste,1261
0106000020E6100000010000000103000000010000000F0000009EEE3CF19C6345C0A3CA30EE067114C0E9EFA5F0A06345C013471E882C7214C05A2F8672A26345C0D3F71A82E37214C08E3C1059A46345C05F7CD11E2F7414C0488AC8B08A6345C04CA60A46257514C0963E74417D6345C052D2C3D0EA7414C00989B48D3F6345C06B82A8FB007414C09C6B98A1F16245C0E4857478087314C0F1D6F9B7CB6245C05D1ABFF04A7214C0A69BC420B06245C0757808E3A77114C0514EB4AB906245C0FFB27BF2B07014C006137F14756245C0906B43C5386F14C0730E9E094D6245C0284696CCB16C14C0463F1A4E996345C004FF5BC98E6D14C09EEE3CF19C6345C0A3CA30EE067114C0,110,3,3,33,190,219,209,85,3,2,8,82,360,692,1266,Beira Rio,401,Sudeste,Sudeste,700
0106000020E61000000100000001030000000100000010000000FC56EBC4E56245C0E2934E24987A14C0DA3A38D89B6245C02E55698B6B7C14C0DF89592F866245C0B0389CF9D57C14C0984C158C4A6245C004E78C28ED7D14C0FE2955A2EC6145C0DFFB1BB4577F14C0B83D4162BB6145C05BCEA5B8AA7C14C057EBC4E5786145C0C8940F41D57814C054C4E9245B6145C0AFEC82C1357714C0FE2B2B4D4A6145C072C3EFA65B7614C00F9D9E77636145C02EFF21FDF67514C06D7022FAB56145C0FF23D3A1D37314C08751103CBE6145C09FCBD424787314C05875560BEC6145C0FF976BD1027414C031EC3026FD6145C05A68E7340B7414C0AFEC82C1356345C0F6CE68AB927814C0FC56EBC4E56245C0E2934E24987A14C0,111,2,12,53,165,125,89,6,,4,35,134,210,455,557,Comprida,404,Sudeste,Sudeste,1095
0106000020E6100000010000000103000000010000000F0000001E37FC6EBA6145C0DEAE97A6088014C071CCB227816145C0A9F6E978CC8014C03E3F8C101E6145C02444F982168214C02B508BC1C36045C0890CAB78238314C015731074B46045C07D5D86FF748314C0C3D84290836045C03DD4B661148414C06EBF7CB2626045C09D9B36E3348414C07FA5F3E1596045C06AF6402B308414C059164CFC516045C08E59F624B07914C0E76ED74B536045C0747CB438637814C025CE8AA8896045C036583849F37714C094D920938C6045C0B4E89D0AB87714C09F573CF5486145C04432E4D87A7614C0473EAF78EA6145C0B2D991EA3B7F14C01E37FC6EBA6145C0DEAE97A6088014C0,112,3,11,124,535,503,339,24,,6,42,282,767,1838,1879,Extrema,405,Sudeste,Sudeste,1020
0106000020E6100000010000000103000000010000000E0000005F07CE19516045C094331477BC7914C0A8A9656B7D5F45C05EDA70581A7814C0B41D5377655F45C077BCC96FD17914C07A71E2AB1D5F45C02E5393E00D7914C01AFB928D075F45C08A1EF818AC7814C01689096AF85E45C0BE892139997814C023BDA8DDAF5E45C08D7E349C327714C0A4C519C39C5E45C02CD49AE61D7714C06DFFCA4A935E45C0274C18CDCA7614C0F86F5E9CF85E45C05342B0AA5E6E14C07270E998F35E45C01A4F04711E6E14C0E97C7896205F45C082E49D43196A14C05D37A5BC566045C036CB65A3736E14C05F07CE19516045C094331477BC7914C0,116,3,42,245,1147,947,515,57,3,9,107,613,1681,3257,3437,Novo Horizonte,410,Sudeste,Sudeste,1020
0106000020E610000001000000010300000001000000080000009869FB57566045C0AD4CF8A57E6E14C07380608E1E5F45C0CC608C48146A14C04CDF6B088E5F45C02D9622F94A6014C0DD41EC4CA15F45C0FB3DB14E955F14C0D78A36C7B95F45C040A19E3E025F14C032C9C859D85F45C046072461DF5E14C0BC900E0F616045C0CEC47421565F14C09869FB57566045C0AD4CF8A57E6E14C0,114,8,63,384,1353,947,546,134,3,23,155,887,2250,3002,4299,Parque Ideal,411,Sudeste,Sudeste,1100
0106000020E6100000010000000103000000010000000A00000014D1AFAD9F5E45C0575A46EA3D7514C0E50CC51D6F5E45C089EE59D7687914C086048C2E6F5E45C0EAEA8EC5367914C00C790437525E45C0C32973F38D7814C0B859BC58185E45C017670C73827614C01424B6BB075E45C000FF942A517614C0C780ECF5EE5D45C0130A1170087514C097E4805D4D5E45C0DB6CACC43C6B14C0C4961E4DF55E45C0CA32C4B12E6E14C014D1AFAD9F5E45C0575A46EA3D7514C0,115,39,213,715,1166,554,332,73,1,5,28,185,557,1464,1581,Parque Poti,412,Sudeste,Sudeste,910
0106000020E61000000100000001030000000100000009000000AC1BEF8E8C5F45C0C154336B296014C01901158E205F45C08D98D9E7316A14C07CB60E0EF65E45C08639419B1C6E14C0B0743E3C4B5E45C0971C774A076B14C05B43A9BD885E45C037FFAF3A726414C04A0B9755D85E45C063F20698F95E14C0C13BF9F4D85E45C0BE839F38805E14C06EC1525DC05F45C090831266DA5E14C0AC1BEF8E8C5F45C0C154336B296014C0,117,10,61,400,1442,916,564,92,3,21,139,939,2106,3466,4363,Renascença,414,Sudeste,Sudeste,1200
0106000020E61000000100000001030000000100000022000000378C82E0F15D45C0F8AA9509BF7414C06EFB1EF5D75D45C0F30016F9F57314C09BA9108FC45D45C0725298F7387314C05C0531D0B55D45C0452BF702B37214C0C1C41F459D5D45C0FB912232AC7214C0780E65A88A5D45C06D567DAEB67214C0D540F339775D45C00C5A48C0E87214C0CAFACDC4745D45C06072A3C85A7314C0498446B0715D45C065C57075007414C09604A8A9655D45C0EC134031B27414C0C2F9D4B14A5D45C0EC87D860E17414C0E6B2D1393F5D45C052B5DD04DF7414C0BD19355F255D45C0BDA94885B17514C06AA2CF47195D45C03F58C6866E7614C0FA62EFC5175D45C0876C205D6C7A14C075CC79C6BE5C45C0FA0E7EE2007A14C0228AC91B605C45C0F3E7DB82A57A14C017F37343535C45C097FF907EFB7A14C039639813B45B45C060E5D022DB7914C0199128B4AC5B45C0570A815CE27814C0C9CC052E8F5B45C067817687147314C08658FD11865B45C0E162450DA67114C0C87BD5CA845B45C093718C648F7014C0166A4DF38E5B45C0DE1D19ABCD6F14C0341477BCC95B45C00EA0DFF76F6E14C0B134F0A31A5C45C0E469F981AB6C14C0B30A9B012E5C45C0BABA63B14D6A14C009DD2571565C45C0C0CC77F0136714C05A84622B685C45C047753A90F56414C0A019C407765C45C0FE45D098496414C03048FAB48A5C45C093567C43E16314C048C0E8F2E65C45C0024A438D426214C01CEA77616B5E45C0B4E89D0AB86714C0378C82E0F15D45C0F8AA9509BF7414C0,108,6,41,298,1214,1034,652,66,3,18,141,778,1755,3197,3644,São Sebastião,416,Sudeste,Sudeste,1020
0106000020E610000001000000010300000001000000120000001B4B581B636345C08DEDB5A0F77614C04774CFBA466345C04D69FD2D017814C00DC17119376345C04CC5C6BC8E7814C0B7291E17D56245C087C1FC15327714C01FBAA0BE656245C0B83EAC376A7514C0605969520A6245C0FE28EACC3D7414C0B5E1B034F06145C00A4CA7751B7414C09888B7CEBF6145C0F4DE1802807314C04983DBDAC26145C0E95F92CA147314C08CF7E3F6CB6145C023DA8EA9BB7214C01D5A643BDF6145C0A0DE8C9AAF7214C02A52616C216245C0D009A1832E7114C089B7CEBF5D6245C0E88711C2A36D14C0A9143B1A876245C0E9103812687014C03ECC5EB69D6245C0BF29AC54507114C089F02F82C66245C0C364AA60547214C0F52F49658A6345C0CFBEF2203D7514C01B4B581B636345C08DEDB5A0F77614C0,107,7,48,241,485,234,96,35,3,11,147,562,650,671,905,Trancredo Neves,417,Sudeste,Sudeste,1600
0106000020E61000000100000001030000000100000016000000630D17B9A76145C039454772F99F14C0274A42226D6145C02C2CB81FF0A014C0287FF78E1A6145C0074147AB5AA214C07CB60E0EF66045C0D7A4DB12B9A014C0AF44A0FA076145C0F99E91088DA014C0A20C5531956045C0C4211B48179B14C0730E9E094D6045C07366BB421F9C14C0336B2920ED5F45C03D7C9928429A14C023BF7E880D6045C02979758E019914C06B990CC7F35F45C05182FE428F9814C0401878EE3D6045C021C9ACDEE19614C04F9143C4CD5F45C01AFA27B8589114C024456458C55F45C0D7187442E89014C0D40CA9A2785F45C0EC2E5052609114C01CD0D2156C5F45C061FC34EECD8F14C01F317A6EA15F45C029CFBC1C768F14C0D93D7958A85F45C0B2135E82538F14C06C956071385F45C03A3C84F1D38814C000E48409A35F45C016DBA4A2B18614C09C340D8AE65F45C0E3E0D231E78914C0C1374D9F1D6045C0713B342C468D14C0630D17B9A76145C039454772F99F14C0,69,,,,,,,,,,,,,,,Parque Sul,220,Sul,Sul,
0106000020E6100000010000000103000000010000000D000000ECFB7090106945C09A79724D81EC13C0AF0AD462F06845C0E02BBAF59AEE13C098512CB7B46845C06F7F2E1A32EE13C0CE6F9868906845C0AA285E656DF313C0895FB1868B6845C00AF5F411F8F313C0D5963AC8EB6745C091D3D7F335FB13C0F4FA93F8DC6745C0460A65E1EBFB13C0D6FF39CC976745C057EA5910CAFB13C08237A451816745C061A6ED5F59E913C0921FF12BD66845C03EEB1A2D07EA13C0DF6A9DB81C6945C0AC00DF6DDEE813C044DFDDCA126945C026C79DD2C1EA13C0ECFB7090106945C09A79724D81EC13C0,87,,,,,,,,,,,,,,,Jacinta Andrade,116,Norte,Centro_Norte,
0106000020E610000001000000010300000001000000130000002F8A1EF8186045C0A1A17F828BE514C0C37DE4D6A45F45C0F23FF9BB77E414C0DBE044F46B5F45C0088F368E58EB14C0D2C77C40A05D45C0153C855CA9E714C0DA59F44E055E45C097CADB114EDB14C0CD237F30F05C45C0BDC5C37B0EDC14C00D8AE6012C5C45C04E29AF95D0CD14C0E17F2BD9B15B45C09C31CC09DAC414C08D7BF31B265C45C0276C3F19E3C314C0D1217024D05C45C023111AC1C6C514C0B4226AA2CF5D45C0B2497EC4AFC814C0B6BDDD921C5E45C051BCCADAA6C814C0795DBF60375E45C0FCC56CC9AAC814C03F3BE0BA625E45C07E350708E6C814C04701A260C65E45C083A5BA8097C914C09207228B345F45C02E7590D783C914C0E869C020E95F45C0C76471FF91C914C0BB9A3C65356145C08F6CAE9AE7C814C02F8A1EF8186045C0A1A17F828BE514C0,122,,,,,,,,,,,,,,,Pedra Miúda,221,Sul,Sul,
0106000020E61000000100000001030000000100000014000000747ADE8D056D45C015E63DCE340114C025581CCEFC6C45C0C408E1D1C60114C00F98874CF96C45C0DF15C1FF560214C051A5660FB46C45C0E5603601860514C0ED478AC8B06C45C0D2E1218C9F0614C02096CD1C926C45C0ECA694D74A0814C0917EFB3A706C45C0DC847B65DE0A14C02992AF04526C45C02EAC1BEF8E0C14C08C3045B9346C45C06344A2D0B20E14C0E3C281902C6C45C062F71DC3630F14C059A2B3CC226C45C08EE9094B3C1014C04A5F0839EF6B45C06B82A8FB001414C00DE2033BFE6945C0677FA0DCB60F14C0AEA06989956945C0CC99ED0A7D0014C008C90226706945C0B03A72A4330014C0BE86E0B88C6945C00B7BDAE1AFF913C0FA0967B7966945C07217618A72F913C0F3E49A02996B45C084F1D3B837FF13C0BD1C76DF316C45C0B727486C77FF13C0747ADE8D056D45C015E63DCE340114C0,88,,,,,,,,,,,,,,,Parque Brasil,129,Norte,Centro_Norte,644
0106000020E610000001000000010300000001000000090000000261A758355C45C0C5909C4CDC7A14C02D5C5661335C45C05798BED7107C14C0CD3E8F519E5B45C0422619390B7B14C0FAB31F29225B45C09CC3B5DAC37E14C094F8DC09F65945C011C64FE3DE7C14C0AB2006BAF65945C01EC2F869DC7B14C0CBBBEA01F35845C038BA4A77D77914C0D09B8A54185945C0F758FAD0057514C00261A758355C45C0C5909C4CDC7A14C0,123,,1,30,265,289,194,17,,,10,126,411,781,838,Bom Princípio,402,Sudeste,Sudeste,970
0106000020E61000000100000001030000000100000009000000C76471FF915B45C02655DB4DF06D14C09012BBB6B75945C09886E123626A14C040A54A94BD5945C0A6D425E3186914C07233DC80CF5945C027327381CB6314C0C2A6CEA3E25945C0761C3F541A6114C02C634337FB5945C0FE63213A045E14C0EB724A404C5A45C05D16139B8F5B14C0E4839ECDAA5B45C0DECB7D72146014C0C76471FF915B45C02655DB4DF06D14C0,119,,3,7,7,18,34,2,,,6,12,16,87,72,Flor do Campo,406,Sudeste,Sudeste,510
0106000020E610000001000000010300000001000000150000002C8194D8B55B45C00DC2DCEEE56E14C027A1F485905B45C022FAB5F5D36F14C0683F5244865B45C06075E448677014C0B153AC1A845B45C0653733FAD17014C0C6DFF604895B45C0255CC823B87114C055BDFC4E935B45C0373465A71F7414C09F2287889B5B45C0BD8C62B9A57514C006BEA25BAF5B45C06C257497C47914C09833DB15FA5645C092EA3BBF287114C09B20EA3E005745C09AB51490F66F14C01409A69A595545C00569C6A2E96C14C0B988EFC4AC5545C02426A8E15B6814C04AD3A0681E5645C0E338F06AB96314C00D198F52095945C012A27C410B6914C0695721E5275945C050189469346914C075392520265945C058AEB7CD546814C0E09C11A5BD5945C0F564FED1376914C0618E1EBFB75945C004711E4E606A14C05F950B957F5B45C0707A17EFC76D14C00FD6FF39CC5B45C0802A6EDC626E14C02C8194D8B55B45C00DC2DCEEE56E14C0,120,3,18,19,89,161,127,16,,10,24,59,149,520,503,Verdecap,419,Sudeste,Sudeste,684
0106000020E6100000010000000103000000010000000F000000EF39B01C216745C0B08D78B29B2914C04ACFF412636745C0C0081A33892A14C08600E0D8B36745C0C100C287122D14C02F336C94F56745C0FAB660A92E3014C0A680B4FF016845C081221631EC3014C05C1B2AC6F96745C0CA1649BBD13714C098F738D3846745C0BF45274BAD3714C0A60D87A5816745C02272FA7ABE3614C0508C2C99636745C04AED45B41D3314C02C4833164D6745C06E179AEB343214C0EC2FBB270F6745C02D5C5661333014C0E107E753C76645C03BDF4F8D972E14C070CFF3A78D6645C0658C0FB3972D14C0A0353FFED26645C07442E8A04B2814C0EF39B01C216745C0B08D78B29B2914C0,14,6,38,188,1006,984,757,104,3,11,64,426,1575,3724,4411,Água Mineral,103,Norte,Centro_Norte,1000
0106000020E610000001000000010300000001000000240000007A51BB5F056A45C054573ECBF31014C06FD74B53046A45C0B37A87DBA11114C0DA70581AF86945C0B7B585E7A51214C09FE74F1BD56945C071917BBABA1314C001A3CB9BC36945C098C11891281414C0F418E599976945C01FBE4C14211514C03483F8C08E6945C086200725CC1414C0DB4E5B23826945C042058717441414C07808E3A7716945C077BD3445801314C01DE736E15E6945C04A44F817411314C085CE6BEC126945C0B876A224241214C051A4FB39056945C03B38D89B181214C0F261F6B2ED6845C03BC43F6CE91114C0BA10AB3FC26845C01F2BF86D881114C0EE7BD45FAF6845C0DBF7A8BF5E1114C0B8AF03E78C6845C0A9D903ADC01014C041BAD8B4526845C09EEBFB70901014C0416326512F6845C0E9F351465C1014C03F709527106845C0223999B8551014C02EE23B31EB6745C06BEF5355681014C0750305DEC96745C0A4C519C39C1014C03BFF76D9AF6745C01024EF1CCA1014C04DD87E32C66745C08CDCD3D51D0B14C08BF9B9A1296745C0BAA1293BFD0014C0CDCB61F71D6745C0923CD7F7E10014C07D5EF1D4236745C05F97E13FDD0014C06D020CCB9F6745C0BFD53A7139FE13C0B77EFACF9A6745C0DA3C0E83F9FB13C00ABB287AE06745C04CAAB69BE0FB13C028F1B913EC6745C0F7578FFB56FB13C093E1783E036845C00742B28009FC13C09D0DF967066945C013622EA9DAFE13C04243FF04176945C0560E2DB29DFF13C0E5266A696E6945C08352B4722F0014C0207C28D1926945C0548CF337A10014C07A51BB5F056A45C054573ECBF31014C0,86,,,,,,,,,,,,,,,Alegre,104,Norte,Centro_Norte,
0106000020E6100000010000000103000000010000000B000000A2F14410E75F45C07217618A72C914C001892650C45E45C03FAC376A85C914C06C7BBB25395E45C09B1BD31396C814C011C30E63D25D45C02F3196E997C814C06BF3FFAA235D45C0D21BEE23B7C614C0E99AC937DB5C45C0BC783F6EBFBC14C0739F1C05885C45C027874F3A91B014C0DAE6C6F4845D45C037A79201A0AA14C0EEB3CA4C695F45C00D535BEA20BF14C00BD28C45D35F45C039ECBE6378BC14C0A2F14410E75F45C07217618A72C914C0,121,,,,,,,,,,,,,,,Portal da Alegria,224,Sul,Sul,
0106000020E6100000010000000103000000010000001B000000D0471971016A45C0698CD651D54414C074EE76BD346945C02E3BC43F6C4914C05567B5C01E6945C072A3C85A434914C0CB129D65166945C0EDF5EE8FF74A14C020D099B4A96845C02827DA55484914C0CA54C1A8A46845C03F726BD26D4914C0C095ECD8086845C09EEA909BE14614C03866D993C06845C09626A5A0DB3B14C08F1A13622E6945C0AD33BE2F2E3514C003B5183C4C6945C08AADA069893514C010E84CDA546945C0DFE00B93A93214C003D2FE07586945C02FDB4E5B233214C083E0F1ED5D6945C074CFBA46CB3114C0EBC6BB23636945C0ECDCB419A73114C009FD4CBD6E6945C02B6B9BE2713114C0130F289B726945C059198D7C5E3114C09EB47059856945C0C503CAA65C3114C0D9CF6229926945C0BF0CC688443114C0FAF202ECA36945C053CBD6FA223114C0E5B7E864A96945C08CB96B09F93014C0689604A8A96945C00FBA84436F3114C07A8CF2CCCB6945C0A20E2BDCF23114C0FBB1497EC46945C095D39E92733214C0E204A6D3BA6945C0C7B94DB8573614C01CB28174B16945C078D49810733914C0E88711C2A36945C0BF61A2410A3E14C0D0471971016A45C0698CD651D54414C0,28,99,268,419,618,362,257,55,32,167,455,894,1002,1686,2505,Aeroporto,102,Norte,Centro_Norte,1907
0106000020E6100000010000000103000000010000001C0000009E0AB8E7F96945C008944DB9C22B14C0EBA7FFACF96945C0EF6FD05E7D2C14C06A317898F66945C060394206F22C14C012DA722EC56945C094675E0EBB2F14C05551BCCADA6845C0799274CDE42B14C0F19BC24A056945C0F0C4AC17432914C08D2782380F6945C0B119E0826C2914C0A73CBA11166945C0D3872EA86F2914C052465C001A6945C03F389F3A562914C092CD55F31C6945C067D2A6EA1E2914C0C7DADFD91E6945C01B8524B37A2714C06ABFB513256945C06ABE4A3E762714C05001309E416945C0B22FD978B02514C0BB421F2C636945C0D6ABC8E8802414C09D6340F67A6945C01C7E37DDB22314C00AD9791B9B6945C0CFA44DD53D2214C025CADE52CE6945C0793F6EBF7C2214C084F57F0EF36945C0B1A6B228EC2214C00C40A374E96945C0E338F06AB92314C0B515FBCBEE6945C0D7F84CF6CF2314C0F67F0EF3E56945C0739CDB847B2514C0DF8B2FDAE36945C00C790437522614C0A91611C5E46945C004CB1132902714C081EB8A19E16945C08A01124DA02814C0753DD175E16945C01211FE45D02814C02CF52C08E56945C0786000E1432914C0A393A5D6FB6945C0D3F6AFAC342914C09E0AB8E7F96945C008944DB9C22B14C0,15,15,50,136,487,372,267,15,6,23,90,295,643,1711,1871,Alto Alegre,105,Norte,Centro_Norte,1105
0106000020E6100000010000000103000000010000001F00000023DBF97E6A6645C0A913D044D8B014C0C651B9895A6645C050C763062AB314C093C3279D486645C0F10F5B7A34B514C05E656D533C6645C05F79909E22B714C0C9CA2F83316645C08A1EF818ACB814C0C3F01131256645C0556B6116DAB914C030A182C30B6645C08639419B1CBE14C082AAD1AB016645C0D7C1C1DEC4C014C086CB2A6C066645C0A0A4C00298C214C03B1BF2CF0C6645C096ED43DE72C514C05F420587176645C0E9B81AD995C614C0605793A7AC6245C002B859BC58C814C0F71F990E9D6245C07CF2B0506BCA14C0B1A71DFE9A6245C00FB6D8EDB3CA14C0587380608E6245C0D9CD8C7E34CC14C0BF64E3C1166145C06760E4654DCC14C025E99AC9376145C0D93F4F0306C914C05DC5E237856145C05A0F5F268AC014C074266DAAEE6145C05664744012B614C092205C01856245C044A67C08AAA614C01A87FA5DD86245C0FF774485EAA614C022AB5B3D276345C04337FB03E5A614C04562821ABE6345C0A5164A26A7A614C0EACA67791E6445C0A568E55E60A614C0B3EC4960736445C0726C3D4338A614C08DD13AAA9A6445C03F0114234BA614C0C4D155BABB6445C017F3734353A614C0F1D58EE21C6545C0E48233F8FBA514C0DD425722506545C017F3734353A614C032E4D87A866645C04B02D4D4B2A514C023DBF97E6A6645C0A913D044D8B014C0,66,22,70,444,2101,2559,2261,323,9,35,205,1127,3028,8854,9106,Angelim,202,Sul,Sul,800
0106000020E61000000100000001030000000100000019000000A88B14CAC26745C0CADE52CE170B14C006BEA25BAF6745C005FC1A49821014C06B9BE271516745C00954FF20921114C0C13BF9F4D86645C0F3CB608C481414C0789CA223B96645C0D0B9DBF5D21414C094BC3AC7806645C017D68D77471614C01B65FD66626645C0D1E638B7091714C06ADFDC5F3D6645C05AF624B0391714C0D5D00660036645C0BF9CD9AED01714C03C84F1D3B86545C0E066F162611814C0F7E80DF7916545C0FCFF3861C21814C0E620E868556545C09AEB34D2521914C092770E65A86445C08D463EAF780A14C015E3FC4D286445C0DFA4695034FF13C06B0C3A21746445C07E1CCD9195FF13C0F778211D1E6445C0D82AC1E270F613C017821C94306545C0C347C49448F213C0B77EFACF9A6545C022C66B5ED5F913C044A2D0B2EE6545C0CB10C7BAB8FD13C094895B05316645C09016670C730214C0CA198A3BDE6645C070B6B9313D0114C0EBE40CC51D6745C01572A59E050114C0C11DA8531E6745C0C66D3480B70014C078D503E6216745C06A6803B0010114C0A88B14CAC26745C0CADE52CE170B14C0,73,,5,29,314,440,470,83,,,13,125,473,1393,1627,Aroeiras,106,Norte,Centro_Norte,700
0106000020E6100000010000000103000000010000000A0000009E40D829566145C0E7012CF2EB4714C03BC61517476145C0876F61DD784714C0F0DFBC38F15F45C0BE840A0E2F4814C0BA8102EFE45F45C0C7F143A5114314C093ACC3D1556045C073BC02D1934214C0F9C08EFF026145C0DA70581AF84114C0D42AFA43336145C0FD304278B44114C05D177E703E6145C0132A38BC204214C0EFCA2E185C6145C0530438BD8B4714C09E40D829566145C0E7012CF2EB4714C0,101,89,163,224,328,255,178,41,41,116,354,404,445,986,1423,Campestre,302,Leste,Leste,1600
0106000020E6100000010000000103000000010000001400000099B9C0E5B16645C0ACAA97DF696214C07214200A666645C0153AAFB14B6414C02174D0251C6645C02F17F19D986514C0698F17D2E16545C0E57D1CCD916514C0C6A4BF97C26545C06D1E87C1FC6514C0731074B4AA6545C04A9BAA7B646314C0C37DE4D6A46545C0D236FE44656314C03F1A4E999B6545C0F08B4B55DA6214C08CA03193A86545C0BE8575E3DD6114C0C991CEC0C86545C024ED461FF36114C0EC4FE273276645C0DA0242EBE15B14C07138F3AB396645C056D28A6F285C14C07880272D5C6645C00D8B51D7DA5B14C0A3409FC8936645C04ED53DB2B95A14C0AE450BD0B66645C0B136C64E785914C010B056ED9A6645C09CFBABC77D5B14C079AD84EE926645C0310917F2085E14C04FB2D5E5946645C0E370E657736014C04F20EC14AB6645C0B937BF61A26114C099B9C0E5B16645C0ACAA97DF696214C0,44,42,113,215,331,159,113,22,20,67,202,434,579,879,1113,Piçarra,222,Sul,Centro_Norte e Sul,1900
0106000020E61000000100000001030000000100000020000000B3614D65516845C003B34291EE6714C063997E89786745C0B87361A4176514C0465F419AB16645C018B2BAD5736214C0B4E55C8AAB6645C0ECA2E8818F6114C0E9B81AD9956645C08D5DA27A6B6014C073BC02D1936645C014CC9882355E14C0871403249A6645C01FBDE13E725B14C0AE11C138B86645C0C216BB7D565914C0A439B2F2CB6645C024D40CA9A25814C0365B79C9FF6645C073BED87BF15514C06ADC9BDF306745C06AF6402B305414C0FCFD62B6646745C077A04E79745314C0DB368C82E06745C05567B5C01E5314C0183E22A6446845C0E42EC214E55214C000E14389966845C0C8091346B35214C0BDFDB968C86845C04051D9B0A65214C034D6FECEF66845C084D6C397895214C0596B28B5176945C05C936E4BE45214C0FAB31F29226945C0C251F2EA1C5314C0D5AF743E3C6945C0AF7B2B12135414C0BC0853944B6945C034F6251B0F5614C0AF433525596945C0E86B96CB465714C078B7B244676945C086CB2A6C065814C0FFEA71DF6A6945C013EF004F5A5814C0E0F599B33E6945C0448655BC915914C0DC2C5E2C0C6945C035423F53AF5B14C0473B6EF8DD6845C098DF6932E35D14C0F9122A38BC6845C0B1C1C2499A5F14C0C3D84290836845C062687572866214C06B0C3A21746845C0174850FC186314C06DA818E76F6845C0C6DE8B2FDA6314C0B3614D65516845C003B34291EE6714C0,32,330,668,912,958,328,202,58,156,446,1145,2210,1647,2204,3437,Centro,110,Norte,Centro_Norte,3000
0106000020E6100000010000000103000000010000000E00000092E9D0E9796545C0E6CAA0DAE07414C0321CCF67406545C05A68E7340B7414C0A60EF27A306545C07100FDBE7F7314C02046088F366445C084F1D3B8376F14C04E7E8B4E966445C0F549EEB0896C14C0BA4A77D7D96445C08F519E79396C14C02B8A5759DB6445C04B75012F336C14C092EBA694D76445C0BD1C76DF316C14C0F4C29D0B236545C03694DA8B686B14C024B55032396545C0E124CD1FD36A14C05BEF37DA716545C06479573D606E14C0B87878CF816545C0EB1ED95C356F14C051853FC39B6545C0DAC70A7E1B7214C092E9D0E9796545C0E6CAA0DAE07414C0,51,19,97,235,332,174,99,31,7,43,187,467,467,732,998,Cidade Nova,207,Sul,Sul,1850
0106000020E61000000100000001030000000100000016000000F790F0BDBF6545C006D49B51F36514C09357E718906545C065AA6054526714C035ECF7C43A6545C009168733BF6A14C07F4B00FE296545C08B6D52D1586B14C046D3D9C9E06445C012D90759166C14C07AFEB4519D6445C0569DD5027B6C14C089601C5C3A6445C0B29FC552246F14C01FD95C35CF6345C0EEED96E4806D14C0AE484C50C36345C0B1506B9A776C14C00CE9F010C66345C0BEF561BD516B14C02C9E7AA4C16345C03DB665C0596A14C0035C902DCB6345C0A1698995D16814C08978EBFCDB6345C0DCF126BF456714C0FE2955A2EC6345C0054D4BAC8C6614C0BEBF417BF56345C0D00B772E8C6414C02234828DEB6345C0F487669E5C6314C0B54FC763066445C0705F07CE196114C03F373465A76545C05D15A8C5E06114C009A52F849C6545C03F6EBF7CB26214C042075DC2A16545C0EFCA2E185C6314C00D17B9A7AB6545C0E316F373436314C0F790F0BDBF6545C006D49B51F36514C0,46,134,402,707,840,357,170,106,47,233,805,1452,1135,1366,2647,Cristo Rei,208,Sul,Sul,2400
0106000020E6100000010000000103000000010000001F000000857CD0B3596745C0CBBE2B82FF1D14C0E6CAA0DAE06645C0C498F4F7522814C0A19DD32CD06645C030BDFDB9682814C046088F368E6645C038876BB5872D14C0D029C8CF466645C0CC4065FCFB2C14C0F60A0BEE076645C017B83CD68C2C14C0CC9BC3B5DA6545C07E1AF7E6372C14C084471B47AC6545C0B2D7BB3FDE2B14C0A9C0C936706545C0257A19C5722B14C0FAEDEBC0396545C0207EFE7BF02A14C0113AE8120E6545C07B4963B48E2A14C01BF5108DEE6445C088670932022A14C0535E2BA1BB6445C0DF3653211E2914C05AF2785A7E6445C01ABFF04A922714C07D5A457F686445C0218FE046CA2614C0B81E85EB516445C0BDE3141DC92514C02F151BF33A6445C05FCE6C57E82314C02A8C2D04396445C0232C2AE2742214C06ADFDC5F3D6445C0813FFCFCF72014C0705B5B785E6445C0FDF9B660A91E14C056BABBCE866445C07C80EECB991D14C09F76F86BB26445C0D89DEE3CF11C14C0221ADD41EC6445C0844BC79C671C14C0614F3BFC356545C090D8EE1EA01B14C06ADB300A826545C0A8195245F11A14C003965CC5E26545C0F3FFAA23471A14C0EB909BE1066645C010C99063EB1914C02907B309306645C0F5F57CCD721914C069368FC3606645C0DFFC8689061914C01EA33CF3726645C00762D9CC211914C0857CD0B3596745C0CBBE2B82FF1D14C0,17,1,,22,112,63,40,6,,2,6,55,125,318,377,Embrapa,112,Norte,Centro_Norte,1153
0106000020E61000000100000001030000000100000016000000C90567F0F75F45C04FE78A52425014C01CB1169F026045C0BAA3FFE55A5414C00A2E56D4606045C0A2410A9E425E14C0D5EC8156606045C00727A25F5B5F14C00ED940BAD85E45C0E17D552E545E14C0A3AF20CD585E45C0202922C32A5E14C0CAC4AD82185E45C03BC269C18B5E14C0209A79724D5D45C0B58D3F51D96014C0EFFE78AF5A5D45C0687A89B14C5F14C0EFE714E4675D45C0D68BA19C685714C04A7EC4AF585D45C0C364AA60545214C0E31C75745C5D45C085402E71E45114C09D2E8B89CD5D45C0EB3BBF28414F14C0490ED8D5E45D45C09B374E0AF34E14C06C921FF12B5E45C0207BBDFBE34D14C0F8889812495E45C00C569C6A2D4C14C0172D40DB6A5E45C055A2EC2DE54C14C0CE16105A0F5F45C012F8C3CF7F4F14C0C15774EB355F45C000529B38B94F14C07BC1A739795F45C0FBE6FEEA714F14C030D63730B95F45C06D3CD862B74F14C0C90567F0F75F45C04FE78A52425014C0,105,51,66,217,926,1199,1102,212,26,61,175,530,1300,4198,4938,Gurupi,407,Sudeste,Sudeste,800
0106000020E610000001000000010300000001000000090000000AA359D93E6445C07BA35698BE4714C0664E97C5C46245C0CAA7C7B60C4814C022FE614B8F6245C05131CEDF844214C0ACC77DAB756245C0D978B0C56E3F14C071AAB5300B6345C0D520CCED5E3E14C0207C28D1926345C0EF71A609DB3F14C06919A9F7546445C0F2EEC8586D3E14C0681F2BF86D6445C00E1137A7924114C00AA359D93E6445C07BA35698BE4714C0,10,406,466,294,204,163,108,58,226,528,764,705,388,872,1717,Horto,305,Leste,Leste,5510
0106000020E6100000010000000103000000010000001900000080441328626545C0F9D687F5462D14C05ED5592DB06545C01BA19FA9D72D14C0EE43DE72F56545C07A50508A562E14C0C44142942F6645C01F115322892E14C02CD670917B6645C001A43671722F14C0417E3672DD6645C05E9CF86A473114C0C9C7EE02256745C09E0AB8E7F93314C0A9FB00A4366745C0700A2B15543414C0C0AE264F596745C07C444C89243A14C07BBB2539606745C05C55F65D113C14C06CCF2C09506745C0B421FFCC203E14C0207D93A6416745C077BB5E9A224014C0A1A2EA573A6745C010EA2285B24014C028B9C326326745C0D13E56F0DB4014C0ECA4BE2CED6645C0C2F869DC9B3F14C0A3E8818FC16645C0E5F21FD26F3F14C0AD6BB41CE86545C0D190F128954014C02D5A80B6D56445C0F7CABC55D74114C0944E24986A6445C06E5166834C4214C0D82AC1E2706445C0DBDFD91EBD4114C0E0490B97556445C003CFBD874B3E14C0B3EDB435226445C0EC4FE273273814C0B4041901156445C0F17EDC7EF93414C01A187959136545C03C4B9011503114C080441328626545C0F9D687F5462D14C0,82,583,661,486,257,116,63,48,287,689,1275,1158,585,897,2514,Ininga,306,Leste,Leste,6000
0106000020E6100000010000000103000000010000002B0000002DCF83BBB36A45C0C26B97361C3614C0029A081B9E6A45C09DF7FF71C23414C01118EB1B986A45C03C4D66BCAD3414C014AE47E17A6A45C00342EBE1CB3414C08A7615527E6A45C07E703E75AC3214C01EA33CF3726A45C04EF1B8A8163114C0EEB089CC5C6A45C07B4D0F0A4A3114C008C72C7B126A45C02CD8463CD92D14C0C83F33880F6A45C0871744A4A62D14C0BF61A2410A6A45C0AFB14B546F2D14C017D7F84CF66945C0E3175E49F22C14C04BB0389CF96945C050FD8348862C14C0925CFE43FA6945C0DA8EA9BBB22B14C0D4F36E2C286A45C0D4B9A294102C14C044334FAE296A45C0A1DAE044F42B14C0878A71FE266A45C02A029CDEC52B14C0C9E7154F3D6A45C016A6EF35042714C02F88484DBB6A45C048E17A14AE2714C00FD3BEB9BF6A45C0BF620D17B92714C07094BC3AC76A45C0A6608DB3E92814C08FE1B19FC56A45C01DCA5015532914C05AA0DD21C56A45C06BB6F292FF2914C08333F8FBC56A45C09E2633DE562A14C078B988EFC46A45C0F9872D3D9A2A14C0DAE21A9FC96A45C080B9162D402B14C03CF54883DB6A45C0D9B5BDDD922C14C08B170B43E46A45C091D09673292E14C07B14AE47E16A45C0DAFF006BD52E14C03A083A5AD56A45C0AA4885B1853014C0624A24D1CB6A45C0BBD6DEA7AA3014C0C1525DC0CB6A45C0A7052FFA0A3214C0978BF84ECC6A45C0A64412BD8C3214C0134548DDCE6A45C06C21C841093314C03CD862B7CF6A45C0446FF1F09E3314C0F06E6589CE6A45C0ED7DAA0A0D3414C043C9E4D4CE6A45C0643E20D0993414C05AF10D85CF6A45C047753A90F53414C0C573B680D06A45C0FD4FFEEE1D3514C0E8154F3DD26A45C07FBF982D593514C02FC214E5D26A45C0C3D50110773514C06B28B517D16A45C062D9CC21A93514C0F06E6589CE6A45C08481E7DEC33514C02DCF83BBB36A45C0C26B97361C3614C0,12,2,16,110,535,477,412,55,,5,27,265,665,2133,2407,Mafrense,117,Norte,Centro_Norte,1020
0106000020E6100000010000000103000000010000003E00000061E124CD1F6945C0CB2E185C732714C074B4AA251D6945C08449F1F1092914C0E527D53E1D6945C084A0A3552D2914C05837DE1D196945C04AB20E47572914C0DD7D8E8F166945C0BC7669C3612914C0058C2E6F0E6945C05B069CA5642914C06798DA52076945C0B7627FD93D2914C021787C7BD76845C0185A9D9CA12814C0B69E211CB36845C096766A2E372814C0255987A3AB6845C05395B6B8C62714C031B610E4A06845C0A5A2B1F6772614C0EB54F99E916845C0AE80423D7D2414C0676325E6596745C0C51EDAC70A1E14C01FBAA0BE656645C0F0BF95ECD81814C0B6476FB88F6645C0BE4A3E76171814C06EDBF7A8BF6645C060AE450BD01614C0C68A1A4CC36645C05AD427B9C31614C07978CF81E56645C040DF162CD51514C054742497FF6645C052802898311514C0F06DFAB31F6745C0BADDCB7D721414C0A38FF980406745C0F4A96395D21314C0D4D2DC0A616745C055BE6724421314C046B41D53776745C0672AC423F11214C031D0B52FA06745C0D9E90775911214C04983DBDAC26745C01EFB592C451214C0BBB54C86E36745C0C9569753021214C08733BF9A036845C0529B38B9DF1114C05857056A316845C0CFF6E80DF71114C0C24D4695616845C0D40AD3F71A1214C0E867EA758B6845C073486AA1641214C098512CB7B46845C012FA997ADD1214C09E7C7A6CCB6845C06C787AA52C1314C00839EFFFE36845C066868DB27E1314C0774A07EBFF6845C0B5E1B034F01314C0C3B986191A6945C020D1048A581414C0EB5223F4336945C0AD4B8DD0CF1414C0ADBEBA2A506945C074620FED631514C099A0866F616945C023BF7E880D1614C0732EC555656945C099D6A6B1BD1614C02CB64945636945C05F96766A2E1714C012A1116C5C6945C0B9196EC0E71714C07311DF89596945C06EBF7CB2621814C06FF085C9546945C0B8239C16BC1814C01EFE9AAC516945C07217618A721914C0A37895B54D6945C083C2A04CA31914C0D5CC5A0A486945C02788BA0F401A14C08ACBF10A446945C0F3E7DB82A51A14C05CAFE941416945C08B6D52D1581B14C0431F2C63436945C0B2683A3B191C14C0DCA0F65B3B6945C08350DEC7D11C14C08196AE601B6945C09966BAD7491D14C0643DB5FAEA6845C0E960FD9FC31C14C0F17EDC7EF96845C0FE63213A041E14C0BAF94674CF6845C05839B4C8761E14C0B6D8EDB3CA6845C0910F7A36AB1E14C08907944DB96845C05073F222132014C0095053CBD66845C02121CA17B42014C00AA1832EE16845C04EB7EC10FF2014C061C43E01146945C003CE52B29C2414C05BD3BCE3146945C04C4F58E2012514C0247B849A216945C0A0E062450D2614C061E124CD1F6945C0CB2E185C732714C0,20,49,495,1623,2931,1519,885,112,19,141,865,3593,4616,6401,9392,Mocambinho,123,Norte,Centro_Norte,1600
0106000020E61000000100000001030000000100000031000000711DE38A8B6B45C083328D26173314C0A33D5E48876B45C04AB3791C063314C09E7C7A6CCB6A45C0A7052FFA0A3214C03F74417DCB6A45C027C11BD2A83014C0FF092E56D46A45C071033E3F8C3014C0514D49D6E16A45C008CBD8D0CD2E14C0DE718A8EE46A45C0D0D2156C232E14C0A5DB12B9E06A45C0AF08FEB7922D14C0D13E56F0DB6A45C0CD3B4ED1912C14C0DAE21A9FC96A45C0CA52EBFD462B14C0F5DA6CACC46A45C0CBBC55D7A12A14C0E8F86871C66A45C0323CF6B3582A14C0245F09A4C46A45C0605969520A2A14C006465ED6C46A45C000C79E3D972914C0B9A81611C56A45C0A0A86C58532914C0537B116DC76A45C0DFC2BAF1EE2814C050C24CDBBF6A45C0F8C43A55BE2714C018601F9DBA6A45C00F9C33A2B42714C05B087250C26A45C0F1B8A816112514C0F818AC38D56A45C0081C0934D82414C02BDB87BCE56A45C0145CACA8C12414C0ABE97AA2EB6A45C0CAC2D7D7BA2414C0F0F96184F06A45C01AFCFD62B62414C0DD43C2F7FE6A45C0AED7F4A0A02414C0D39FFD48116B45C020459DB9872414C0537AA697186B45C0E12538F5812414C0B16B7BBB256B45C04DF38E53742414C043E55FCB2B6B45C0AE635C71712414C01F2C6343376B45C0815EB873612414C0F581E49D436B45C0312592E8652414C0B517D1764C6B45C0BAA3FFE55A2414C06A334E43546B45C0925B936E4B2414C0029EB470596B45C070ED4449482414C0310BED9C666B45C026547078412414C04563EDEF6C6B45C02DEC6987BF2614C04580D3BB786B45C0029B73F04C2814C0094E7D20796B45C0CF126404542814C0EC34D252796B45C0B37E33315D2814C0EC34D252796B45C002D53F88642814C01BB96E4A796B45C0CF4C309C6B2814C092E9D0E9796B45C0F777B6476F2814C0B0027CB7796B45C0F777B6476F2814C01BB96E4A796B45C0F777B6476F2814C043E4F4F57C6B45C0CEFFAB8E1C2914C0429946938B6B45C074D0251C7A2B14C06458C51B996B45C00FB8AE98112E14C061376C5B946B45C0C24F1C40BF2F14C07DCB9C2E8B6B45C0B91AD995963114C0711DE38A8B6B45C083328D26173314C0,11,,1,9,68,133,155,10,,,2,17,77,624,520,Olarias,127,Norte,Centro_Norte,622
0106000020E610000001000000010300000001000000140000005BCF108E596045C0810706103E8414C07AE2395B406045C0A31EA2D11D8414C0E38E37F92D6045C00B47904AB18314C0D7A02FBDFD5F45C090A2CEDC438214C0691B7FA2B25F45C0BC5D2F4D118014C023128596755F45C0BFB854A52D7E14C0363D2828455F45C00B0E2F88487D14C0FA28232E005F45C0A723809BC57B14C0B0AD9FFEB35E45C09E60FF756E7A14C01650A8A78F5E45C0B54FC763067A14C08368AD68735E45C09ACE4E06477914C00EF7915B935E45C08E5C37A5BC7614C0C7B8E2E2A85E45C0B56FEEAF1E7714C0CF108E59F65E45C0F6CE68AB927814C09850C1E1055F45C079909E22877814C023D923D40C5F45C0357F4C6BD37814C0E4A1EF6E655F45C09FE74F1BD57914C0A741D13C805F45C08522DDCF297814C059164CFC516045C044DD0720B57914C05BCF108E596045C0810706103E8414C0,113,3,17,86,411,295,138,7,2,8,32,253,622,875,878,Redonda,413,Sudeste,Sudeste,1123
0106000020E6100000010000000103000000010000002C0000008944A165DD5D45C0620FED63054F14C0E8D9ACFA5C5D45C0B8C83D5DDD5114C0085BECF6595D45C048DFA469505414C029B2D6506A5D45C00A664CC11A5714C0BF6378EC675D45C06D1B4641F05814C02D996379575D45C0C2F869DC9B5F14C09696917A4F5D45C0923CD7F7E16014C06A2E3718EA5C45C0183E22A6446214C0ABEAE5779A5C45C044FB58C16F6314C04C8BFA24775C45C0DCBA9BA73A6414C0D788601C5C5C45C07E8FFAEB156614C0656D533C2E5C45C0D670917BBA6A14C0C3D32B65195C45C0897C9752976C14C02CEFAA07CC5B45C05EBC1FB75F6E14C038D89B18925B45C0F86C1D1CEC6D14C04F0647C9AB5B45C00BD12170246014C01B4AED45B45B45C0C1ABE5CE4C6014C05ED5592DB05B45C0041DAD6A495714C0A7E9B303AE5B45C090DC9A745B5214C0A852B3075A5B45C0FC1D8A027D5214C08D093197545B45C054008C67D05014C0840EBA84435B45C08D62B9A5D55014C01BF4A5B73F5B45C07380608E1E4F14C03A765089EB5A45C0E59B6D6E4C4F14C0CB64389ECF5A45C0404F0306493F14C04BCADDE7F85A45C0511212691B3F14C07EC34483145C45C00B45BA9F534014C0153AAFB14B5C45C0166D8E739B4014C0DE3829CC7B5C45C03DEFC682C24014C0D33252EFA95C45C0BFEFDFBC384114C0A6608DB3E95C45C09C8BBFED094214C0B517D1764C5D45C03FADA23F344314C0C7D97404705D45C08DF0F620044414C0CD21A985925D45C0C43F6CE9D14414C012A0A696AD5D45C0C3D50110774514C07250C24CDB5D45C0994A3FE1EC4614C084F57F0EF35D45C078431A15384914C0E8A38CB8005E45C0D2E3F736FD4914C0BE672442235E45C0696E85B01A4B14C0560C5707405E45C0E5B67D8FFA4B14C0209738F2405E45C09A5C8C81754C14C09D9B36E3345E45C06687F8872D4D14C0D84812842B5E45C098A59D9ACB4D14C08944A165DD5D45C0620FED63054F14C0,118,2,6,38,149,122,59,2,1,3,12,74,206,547,433,Todos os Santos,418,Sudeste,Sudeste,1095.5
0106000020E6100000010000000103000000010000002100000061C26856B66D45C073637AC212EF13C017B6662B2F6D45C0E09F5225CAEE13C07FDE54A4C26C45C0E605D847A7EE13C09BCAA2B08B6C45C048C32973F3ED13C044A7E7DD586C45C04223D8B8FEED13C0C9FFE4EFDE6B45C081EB8A19E1ED13C07A8D5DA27A6B45C0F31E679AB0ED13C02A7288B8396B45C0E71890BDDEED13C0E5B9BE0F076B45C00B0E2F8848ED13C0C2DD59BBED6A45C0D2C8E7154FED13C0417FA1478C6A45C08D60E3FA77ED13C0FE0B0401326A45C0FF1F274C18ED13C0750305DEC96945C0838AAA5FE9EC13C0A835CD3B4E6945C05B25581CCEEC13C0000341800C6945C0BC783F6EBFEC13C07FFACF9A1F6945C040DCD5ABC8E813C07C48F8DEDF6845C0603C8386FEE913C0C4263273816745C0CD902A8A57E913C09E29745E636745C00F0A4AD1CADD13C02009FB76126945C0CD751A69A9DC13C003B5183C4C6945C02315C61682DC13C099D53BDC0E6945C08672A25D85D413C001FBE8D4956945C093A8177C9AD313C038F581E49D6945C01D01DC2C5EDC13C054742497FF6A45C096CFF23CB8DB13C0EA043411366C45C0C5E74EB0FFDA13C0931E8656276D45C05F07CE1951DA13C09EB29AAE276E45C077BCC96FD1D913C0ACAB02B5186E45C095D6DF1280DF13C086E81038126E45C06346787B10E213C0E4BCFF8F136E45C0207A522635E413C0D49CBCC8046E45C0D6A8876874E713C061C26856B66D45C073637AC212EF13C0,89,,,,,,,,,,,,,,,Chapadinha,111,Norte,Centro_Norte,644
